datum,artikel,menge,lieferant,lieferschein
2024-01-01,100002,59,InduParts,LS-10001
2024-01-01,100032,57,MechaPro,LS-10002
2024-01-01,100005,59,MechaPro,LS-10003
2024-01-01,100049,36,MechaPro,LS-10004
2024-01-01,100009,55,InduParts,LS-10005
2024-01-01,100004,48,InduParts,LS-10006
2024-01-02,100022,22,InduParts,LS-10007
2024-01-02,100009,10,LiefTec,LS-10008
2024-01-02,100043,22,InduParts,LS-10009
2024-01-03,100001,23,InduParts,LS-10010
2024-01-04,100012,26,InduParts,LS-10011
2024-01-04,100039,41,InduParts,LS-10012
2024-01-04,100001,36,InduParts,LS-10013
2024-01-04,100083,45,MechaPro,LS-10014
2024-01-05,100064,7,MechaPro,LS-10015
2024-01-05,100062,32,LiefTec,LS-10016
2024-01-05,100072,14,MechaPro,LS-10017
2024-01-05,100016,55,InduParts,LS-10018
2024-01-05,100008,39,InduParts,LS-10019
2024-01-06,100074,33,LiefTec,LS-10020
2024-01-06,100014,58,LiefTec,LS-10021
2024-01-06,100023,19,InduParts,LS-10022
2024-01-06,100037,37,LiefTec,LS-10023
2024-01-07,100034,11,LiefTec,LS-10024
2024-01-07,100093,16,LiefTec,LS-10025
2024-01-08,100094,53,LiefTec,LS-10026
2024-01-08,100048,34,LiefTec,LS-10027
2024-01-08,100068,25,MechaPro,LS-10028
2024-01-09,100061,35,MechaPro,LS-10029
2024-01-09,100059,28,ElektroPlus,LS-10030
2024-01-09,100049,24,MechaPro,LS-10031
2024-01-10,100077,41,InduParts,LS-10032
2024-01-10,100074,8,LiefTec,LS-10033
2024-01-12,100008,32,LiefTec,LS-10034
2024-01-12,100033,48,InduParts,LS-10035
2024-01-12,100075,24,LiefTec,LS-10036
2024-01-13,100098,28,MechaPro,LS-10037
2024-01-13,100034,54,MechaPro,LS-10038
2024-01-13,100000,53,InduParts,LS-10039
2024-01-13,100039,55,LiefTec,LS-10040
2024-01-14,100063,36,MechaPro,LS-10041
2024-01-14,100021,45,InduParts,LS-10042
2024-01-14,100059,40,LiefTec,LS-10043
2024-01-14,100063,57,InduParts,LS-10044
2024-01-15,100092,38,InduParts,LS-10045
2024-01-15,100071,40,ElektroPlus,LS-10046
2024-01-15,100010,6,LiefTec,LS-10047
2024-01-16,100013,19,InduParts,LS-10048
2024-01-17,100059,38,MechaPro,LS-10049
2024-01-18,100029,40,MechaPro,LS-10050
2024-01-19,100034,10,LiefTec,LS-10051
2024-01-19,100084,43,InduParts,LS-10052
2024-01-20,100036,46,LiefTec,LS-10053
2024-01-20,100004,55,MechaPro,LS-10054
2024-01-20,100082,55,LiefTec,LS-10055
2024-01-21,100077,58,InduParts,LS-10056
2024-01-21,100025,16,InduParts,LS-10057
2024-01-22,100061,7,InduParts,LS-10058
2024-01-22,100003,49,LiefTec,LS-10059
2024-01-22,100088,22,LiefTec,LS-10060
2024-01-23,100041,44,InduParts,LS-10061
2024-01-23,100088,25,MechaPro,LS-10062
2024-01-25,100017,19,LiefTec,LS-10063
2024-01-25,100039,37,InduParts,LS-10064
2024-01-25,100071,39,ElektroPlus,LS-10065
2024-01-26,100038,30,InduParts,LS-10066
2024-01-26,100013,12,InduParts,LS-10067
2024-01-26,100031,40,ElektroPlus,LS-10068
2024-01-27,100050,52,LiefTec,LS-10069
2024-01-28,100037,34,MechaPro,LS-10070
2024-01-28,100096,27,ElektroPlus,LS-10071
2024-01-28,100022,46,LiefTec,LS-10072
2024-01-28,100062,48,InduParts,LS-10073
2024-01-28,100014,18,MechaPro,LS-10074
2024-01-29,100096,18,MechaPro,LS-10075
2024-01-29,100024,6,InduParts,LS-10076
2024-01-30,100016,59,ElektroPlus,LS-10077
2024-01-31,100096,41,InduParts,LS-10078
2024-02-02,100065,9,LiefTec,LS-10079
2024-02-02,100077,42,ElektroPlus,LS-10080
2024-02-02,100052,49,LiefTec,LS-10081
2024-02-03,100050,45,MechaPro,LS-10082
2024-02-03,100038,58,MechaPro,LS-10083
2024-02-03,100050,51,MechaPro,LS-10084
2024-02-03,100069,18,MechaPro,LS-10085
2024-02-04,100005,43,ElektroPlus,LS-10086
2024-02-04,100066,29,InduParts,LS-10087
2024-02-04,100006,24,InduParts,LS-10088
2024-02-04,100050,6,LiefTec,LS-10089
2024-02-04,100071,43,ElektroPlus,LS-10090
2024-02-05,100041,10,ElektroPlus,LS-10091
2024-02-05,100063,21,InduParts,LS-10092
2024-02-05,100014,29,LiefTec,LS-10093
2024-02-05,100028,32,LiefTec,LS-10094
2024-02-06,100032,6,LiefTec,LS-10095
2024-02-06,100093,39,LiefTec,LS-10096
2024-02-06,100026,41,MechaPro,LS-10097
2024-02-07,100035,9,ElektroPlus,LS-10098
2024-02-07,100028,5,MechaPro,LS-10099
2024-02-08,100037,44,LiefTec,LS-10100
2024-02-08,100056,16,LiefTec,LS-10101
2024-02-08,100096,40,LiefTec,LS-10102
2024-02-08,100026,49,LiefTec,LS-10103
2024-02-08,100054,27,LiefTec,LS-10104
2024-02-08,100032,51,LiefTec,LS-10105
2024-02-08,100067,35,InduParts,LS-10106
2024-02-09,100085,15,ElektroPlus,LS-10107
2024-02-10,100065,14,MechaPro,LS-10108
2024-02-10,100009,7,MechaPro,LS-10109
2024-02-10,100004,58,InduParts,LS-10110
2024-02-11,100073,18,LiefTec,LS-10111
2024-02-11,100096,20,LiefTec,LS-10112
2024-02-11,100037,14,ElektroPlus,LS-10113
2024-02-12,100012,33,LiefTec,LS-10114
2024-02-12,100030,14,InduParts,LS-10115
2024-02-13,100046,16,MechaPro,LS-10116
2024-02-13,100099,34,MechaPro,LS-10117
2024-02-13,100087,45,MechaPro,LS-10118
2024-02-13,100051,5,InduParts,LS-10119
2024-02-14,100055,9,LiefTec,LS-10120
2024-02-15,100014,24,LiefTec,LS-10121
2024-02-15,100028,12,InduParts,LS-10122
2024-02-15,100007,47,MechaPro,LS-10123
2024-02-16,100004,16,LiefTec,LS-10124
2024-02-16,100028,5,ElektroPlus,LS-10125
2024-02-16,100046,58,MechaPro,LS-10126
2024-02-16,100067,24,InduParts,LS-10127
2024-02-16,100075,32,InduParts,LS-10128
2024-02-17,100044,47,InduParts,LS-10129
2024-02-17,100001,41,MechaPro,LS-10130
2024-02-17,100026,51,ElektroPlus,LS-10131
2024-02-18,100094,41,LiefTec,LS-10132
2024-02-18,100035,16,InduParts,LS-10133
2024-02-19,100035,41,LiefTec,LS-10134
2024-02-20,100025,53,MechaPro,LS-10135
2024-02-20,100042,53,MechaPro,LS-10136
2024-02-20,100026,48,ElektroPlus,LS-10137
2024-02-20,100068,32,ElektroPlus,LS-10138
2024-02-20,100019,51,LiefTec,LS-10139
2024-02-20,100010,19,LiefTec,LS-10140
2024-02-21,100073,10,InduParts,LS-10141
2024-02-21,100037,48,MechaPro,LS-10142
2024-02-21,100005,24,LiefTec,LS-10143
2024-02-22,100071,54,InduParts,LS-10144
2024-02-22,100022,18,MechaPro,LS-10145
2024-02-22,100046,6,ElektroPlus,LS-10146
2024-02-22,100089,13,LiefTec,LS-10147
2024-02-22,100045,41,MechaPro,LS-10148
2024-02-22,100011,24,MechaPro,LS-10149
2024-02-22,100089,30,InduParts,LS-10150
2024-02-23,100012,33,MechaPro,LS-10151
2024-02-23,100061,5,InduParts,LS-10152
2024-02-23,100081,59,LiefTec,LS-10153
2024-02-23,100088,39,InduParts,LS-10154
2024-02-23,100096,10,MechaPro,LS-10155
2024-02-23,100059,41,LiefTec,LS-10156
2024-02-23,100042,57,InduParts,LS-10157
2024-02-24,100075,9,LiefTec,LS-10158
2024-02-25,100099,37,LiefTec,LS-10159
2024-02-25,100067,53,ElektroPlus,LS-10160
2024-02-26,100004,55,MechaPro,LS-10161
2024-02-27,100036,18,InduParts,LS-10162
2024-02-27,100071,16,LiefTec,LS-10163
2024-02-27,100091,46,InduParts,LS-10164
2024-02-27,100030,24,LiefTec,LS-10165
2024-02-27,100008,57,MechaPro,LS-10166
2024-02-27,100050,54,ElektroPlus,LS-10167
2024-02-28,100028,28,InduParts,LS-10168
2024-02-29,100077,47,MechaPro,LS-10169
2024-02-29,100039,38,MechaPro,LS-10170
2024-03-01,100040,29,ElektroPlus,LS-10171
2024-03-01,100085,54,MechaPro,LS-10172
2024-03-02,100010,33,InduParts,LS-10173
2024-03-02,100022,43,InduParts,LS-10174
2024-03-02,100000,35,LiefTec,LS-10175
2024-03-02,100045,51,LiefTec,LS-10176
2024-03-03,100020,47,InduParts,LS-10177
2024-03-03,100089,54,LiefTec,LS-10178
2024-03-03,100035,27,LiefTec,LS-10179
2024-03-03,100053,48,ElektroPlus,LS-10180
2024-03-05,100086,42,MechaPro,LS-10181
2024-03-05,100056,24,InduParts,LS-10182
2024-03-05,100000,27,MechaPro,LS-10183
2024-03-06,100062,49,MechaPro,LS-10184
2024-03-06,100053,56,LiefTec,LS-10185
2024-03-07,100054,20,MechaPro,LS-10186
2024-03-08,100039,54,LiefTec,LS-10187
2024-03-08,100014,46,MechaPro,LS-10188
2024-03-09,100020,59,InduParts,LS-10189
2024-03-09,100046,12,MechaPro,LS-10190
2024-03-09,100072,54,MechaPro,LS-10191
2024-03-09,100052,25,MechaPro,LS-10192
2024-03-10,100008,5,LiefTec,LS-10193
2024-03-10,100073,59,MechaPro,LS-10194
2024-03-12,100051,12,LiefTec,LS-10195
2024-03-12,100056,33,LiefTec,LS-10196
2024-03-13,100025,36,LiefTec,LS-10197
2024-03-14,100040,42,MechaPro,LS-10198
2024-03-15,100034,9,InduParts,LS-10199
2024-03-15,100062,51,LiefTec,LS-10200
2024-03-15,100024,26,MechaPro,LS-10201
2024-03-15,100089,51,InduParts,LS-10202
2024-03-16,100074,38,LiefTec,LS-10203
2024-03-16,100037,5,ElektroPlus,LS-10204
2024-03-16,100001,59,MechaPro,LS-10205
2024-03-18,100006,59,MechaPro,LS-10206
2024-03-18,100081,30,MechaPro,LS-10207
2024-03-18,100090,47,LiefTec,LS-10208
2024-03-20,100033,14,InduParts,LS-10209
2024-03-21,100090,34,MechaPro,LS-10210
2024-03-21,100016,54,ElektroPlus,LS-10211
2024-03-21,100042,22,LiefTec,LS-10212
2024-03-21,100058,21,MechaPro,LS-10213
2024-03-22,100050,30,MechaPro,LS-10214
2024-03-23,100053,12,LiefTec,LS-10215
2024-03-23,100023,51,MechaPro,LS-10216
2024-03-24,100024,44,InduParts,LS-10217
2024-03-25,100070,53,InduParts,LS-10218
2024-03-26,100051,16,MechaPro,LS-10219
2024-03-26,100069,31,InduParts,LS-10220
2024-03-26,100087,12,ElektroPlus,LS-10221
2024-03-28,100032,29,ElektroPlus,LS-10222
2024-03-29,100048,50,LiefTec,LS-10223
2024-03-29,100028,8,InduParts,LS-10224
2024-03-30,100062,37,MechaPro,LS-10225
2024-03-30,100021,5,ElektroPlus,LS-10226
2024-03-30,100025,23,MechaPro,LS-10227
2024-03-30,100027,35,LiefTec,LS-10228
2024-03-31,100084,20,InduParts,LS-10229
2024-04-01,100048,18,MechaPro,LS-10230
2024-04-01,100070,57,ElektroPlus,LS-10231
2024-04-01,100080,52,ElektroPlus,LS-10232
2024-04-01,100083,9,InduParts,LS-10233
2024-04-02,100048,45,LiefTec,LS-10234
2024-04-02,100019,30,InduParts,LS-10235
2024-04-03,100085,32,LiefTec,LS-10236
2024-04-03,100091,6,LiefTec,LS-10237
2024-04-04,100062,54,InduParts,LS-10238
2024-04-04,100060,10,LiefTec,LS-10239
2024-04-04,100048,13,MechaPro,LS-10240
2024-04-04,100070,37,ElektroPlus,LS-10241
2024-04-04,100000,45,MechaPro,LS-10242
2024-04-05,100095,29,LiefTec,LS-10243
2024-04-05,100012,52,ElektroPlus,LS-10244
2024-04-05,100093,17,LiefTec,LS-10245
2024-04-05,100086,13,InduParts,LS-10246
2024-04-05,100050,57,ElektroPlus,LS-10247
2024-04-06,100055,17,ElektroPlus,LS-10248
2024-04-06,100082,35,InduParts,LS-10249
2024-04-07,100061,45,MechaPro,LS-10250
2024-04-07,100031,15,LiefTec,LS-10251
2024-04-07,100029,8,InduParts,LS-10252
2024-04-08,100028,38,ElektroPlus,LS-10253
2024-04-08,100048,42,MechaPro,LS-10254
2024-04-08,100044,50,LiefTec,LS-10255
2024-04-08,100092,8,LiefTec,LS-10256
2024-04-08,100029,42,LiefTec,LS-10257
2024-04-08,100015,23,InduParts,LS-10258
2024-04-08,100039,10,MechaPro,LS-10259
2024-04-08,100018,38,ElektroPlus,LS-10260
2024-04-08,100017,22,InduParts,LS-10261
2024-04-09,100000,17,LiefTec,LS-10262
2024-04-09,100077,45,InduParts,LS-10263
2024-04-09,100046,27,MechaPro,LS-10264
2024-04-09,100065,23,MechaPro,LS-10265
2024-04-10,100091,49,InduParts,LS-10266
2024-04-10,100093,15,InduParts,LS-10267
2024-04-10,100037,5,InduParts,LS-10268
2024-04-10,100050,28,LiefTec,LS-10269
2024-04-10,100062,58,LiefTec,LS-10270
2024-04-12,100003,11,InduParts,LS-10271
2024-04-12,100000,29,LiefTec,LS-10272
2024-04-12,100007,25,MechaPro,LS-10273
2024-04-12,100028,19,LiefTec,LS-10274
2024-04-13,100054,5,InduParts,LS-10275
2024-04-13,100002,16,LiefTec,LS-10276
2024-04-14,100031,11,InduParts,LS-10277
2024-04-14,100009,19,ElektroPlus,LS-10278
2024-04-15,100073,25,LiefTec,LS-10279
2024-04-15,100082,23,LiefTec,LS-10280
2024-04-15,100033,33,MechaPro,LS-10281
2024-04-16,100096,29,ElektroPlus,LS-10282
2024-04-16,100086,37,LiefTec,LS-10283
2024-04-17,100054,53,MechaPro,LS-10284
2024-04-17,100091,36,LiefTec,LS-10285
2024-04-18,100031,53,InduParts,LS-10286
2024-04-18,100049,39,MechaPro,LS-10287
2024-04-20,100006,48,InduParts,LS-10288
2024-04-20,100092,42,ElektroPlus,LS-10289
2024-04-20,100007,30,LiefTec,LS-10290
2024-04-20,100064,15,InduParts,LS-10291
2024-04-20,100056,39,LiefTec,LS-10292
2024-04-21,100066,12,ElektroPlus,LS-10293
2024-04-21,100087,50,InduParts,LS-10294
2024-04-21,100086,18,ElektroPlus,LS-10295
2024-04-21,100058,14,LiefTec,LS-10296
2024-04-22,100071,6,LiefTec,LS-10297
2024-04-22,100053,50,MechaPro,LS-10298
2024-04-22,100066,13,MechaPro,LS-10299
2024-04-22,100050,7,LiefTec,LS-10300
2024-04-22,100096,25,MechaPro,LS-10301
2024-04-22,100091,30,LiefTec,LS-10302
2024-04-22,100007,12,MechaPro,LS-10303
2024-04-23,100033,52,InduParts,LS-10304
2024-04-23,100034,6,MechaPro,LS-10305
2024-04-24,100095,10,LiefTec,LS-10306
2024-04-25,100087,32,MechaPro,LS-10307
2024-04-25,100077,57,LiefTec,LS-10308
2024-04-25,100031,33,ElektroPlus,LS-10309
2024-04-26,100045,30,LiefTec,LS-10310
2024-04-26,100015,29,InduParts,LS-10311
2024-04-27,100067,16,ElektroPlus,LS-10312
2024-04-27,100036,9,InduParts,LS-10313
2024-04-27,100053,38,InduParts,LS-10314
2024-04-27,100084,52,InduParts,LS-10315
2024-04-28,100013,41,ElektroPlus,LS-10316
2024-04-28,100094,19,InduParts,LS-10317
2024-04-29,100054,48,MechaPro,LS-10318
2024-04-29,100047,40,InduParts,LS-10319
2024-04-30,100081,19,MechaPro,LS-10320
2024-04-30,100006,47,InduParts,LS-10321
2024-05-01,100073,52,MechaPro,LS-10322
2024-05-01,100006,27,LiefTec,LS-10323
2024-05-01,100032,10,LiefTec,LS-10324
2024-05-01,100022,50,LiefTec,LS-10325
2024-05-01,100084,54,LiefTec,LS-10326
2024-05-01,100018,48,LiefTec,LS-10327
2024-05-02,100018,47,MechaPro,LS-10328
2024-05-03,100035,49,LiefTec,LS-10329
2024-05-03,100028,25,InduParts,LS-10330
2024-05-04,100059,27,LiefTec,LS-10331
2024-05-05,100081,47,LiefTec,LS-10332
2024-05-05,100001,59,InduParts,LS-10333
2024-05-05,100000,20,MechaPro,LS-10334
2024-05-05,100046,51,LiefTec,LS-10335
2024-05-05,100068,57,ElektroPlus,LS-10336
2024-05-05,100019,19,ElektroPlus,LS-10337
2024-05-06,100010,29,MechaPro,LS-10338
2024-05-06,100001,40,MechaPro,LS-10339
2024-05-06,100066,15,ElektroPlus,LS-10340
2024-05-07,100086,55,InduParts,LS-10341
2024-05-07,100011,19,MechaPro,LS-10342
2024-05-07,100019,8,InduParts,LS-10343
2024-05-07,100004,25,LiefTec,LS-10344
2024-05-08,100036,17,MechaPro,LS-10345
2024-05-08,100037,26,LiefTec,LS-10346
2024-05-08,100093,23,InduParts,LS-10347
2024-05-09,100008,38,MechaPro,LS-10348
2024-05-09,100097,18,InduParts,LS-10349
2024-05-10,100052,8,LiefTec,LS-10350
2024-05-10,100043,52,LiefTec,LS-10351
2024-05-10,100098,57,MechaPro,LS-10352
2024-05-10,100085,56,InduParts,LS-10353
2024-05-11,100023,50,MechaPro,LS-10354
2024-05-12,100080,31,LiefTec,LS-10355
2024-05-12,100073,33,ElektroPlus,LS-10356
2024-05-12,100029,51,LiefTec,LS-10357
2024-05-12,100058,32,ElektroPlus,LS-10358
2024-05-12,100086,39,LiefTec,LS-10359
2024-05-13,100095,12,InduParts,LS-10360
2024-05-13,100080,20,LiefTec,LS-10361
2024-05-13,100080,46,ElektroPlus,LS-10362
2024-05-14,100013,40,MechaPro,LS-10363
2024-05-14,100008,34,LiefTec,LS-10364
2024-05-14,100039,22,MechaPro,LS-10365
2024-05-15,100065,6,LiefTec,LS-10366
2024-05-15,100024,53,LiefTec,LS-10367
2024-05-15,100072,17,ElektroPlus,LS-10368
2024-05-16,100021,8,MechaPro,LS-10369
2024-05-16,100003,30,InduParts,LS-10370
2024-05-17,100025,29,InduParts,LS-10371
2024-05-18,100057,34,InduParts,LS-10372
2024-05-18,100028,15,LiefTec,LS-10373
2024-05-19,100097,11,LiefTec,LS-10374
2024-05-19,100086,35,InduParts,LS-10375
2024-05-20,100036,48,ElektroPlus,LS-10376
2024-05-20,100074,14,LiefTec,LS-10377
2024-05-21,100069,43,LiefTec,LS-10378
2024-05-21,100017,17,MechaPro,LS-10379
2024-05-22,100084,35,ElektroPlus,LS-10380
2024-05-22,100041,11,LiefTec,LS-10381
2024-05-22,100099,53,MechaPro,LS-10382
2024-05-23,100040,46,ElektroPlus,LS-10383
2024-05-23,100037,46,LiefTec,LS-10384
2024-05-23,100033,40,LiefTec,LS-10385
2024-05-23,100016,24,InduParts,LS-10386
2024-05-23,100036,8,ElektroPlus,LS-10387
2024-05-23,100024,58,LiefTec,LS-10388
2024-05-23,100075,11,MechaPro,LS-10389
2024-05-24,100086,58,MechaPro,LS-10390
2024-05-24,100085,5,MechaPro,LS-10391
2024-05-24,100084,48,InduParts,LS-10392
2024-05-24,100026,49,MechaPro,LS-10393
2024-05-24,100056,46,MechaPro,LS-10394
2024-05-25,100030,51,MechaPro,LS-10395
2024-05-25,100005,17,MechaPro,LS-10396
2024-05-25,100090,59,MechaPro,LS-10397
2024-05-26,100039,26,ElektroPlus,LS-10398
2024-05-26,100097,58,LiefTec,LS-10399
2024-05-26,100011,25,InduParts,LS-10400
2024-05-26,100052,26,InduParts,LS-10401
2024-05-26,100070,32,LiefTec,LS-10402
2024-05-26,100009,13,MechaPro,LS-10403
2024-05-27,100044,30,MechaPro,LS-10404
2024-05-27,100016,13,LiefTec,LS-10405
2024-05-27,100025,19,MechaPro,LS-10406
2024-05-28,100084,14,LiefTec,LS-10407
2024-05-29,100091,28,LiefTec,LS-10408
2024-05-29,100061,46,InduParts,LS-10409
2024-05-29,100045,12,LiefTec,LS-10410
2024-05-30,100063,28,InduParts,LS-10411
2024-05-30,100001,20,MechaPro,LS-10412
2024-05-30,100053,53,ElektroPlus,LS-10413
2024-05-30,100064,30,MechaPro,LS-10414
2024-05-30,100050,31,LiefTec,LS-10415
2024-05-31,100052,41,InduParts,LS-10416
2024-05-31,100035,8,LiefTec,LS-10417
2024-05-31,100025,54,MechaPro,LS-10418
2024-05-31,100028,28,ElektroPlus,LS-10419
2024-05-31,100020,23,LiefTec,LS-10420
2024-05-31,100010,40,MechaPro,LS-10421
2024-06-01,100039,43,InduParts,LS-10422
2024-06-01,100010,14,ElektroPlus,LS-10423
2024-06-02,100035,29,InduParts,LS-10424
2024-06-02,100058,22,LiefTec,LS-10425
2024-06-02,100038,23,InduParts,LS-10426
2024-06-03,100098,40,LiefTec,LS-10427
2024-06-03,100053,14,InduParts,LS-10428
2024-06-04,100097,37,ElektroPlus,LS-10429
2024-06-05,100054,59,InduParts,LS-10430
2024-06-06,100023,54,ElektroPlus,LS-10431
2024-06-06,100021,9,LiefTec,LS-10432
2024-06-06,100068,51,InduParts,LS-10433
2024-06-08,100055,53,InduParts,LS-10434
2024-06-08,100032,39,LiefTec,LS-10435
2024-06-08,100035,48,ElektroPlus,LS-10436
2024-06-08,100019,38,LiefTec,LS-10437
2024-06-08,100082,37,InduParts,LS-10438
2024-06-08,100098,59,InduParts,LS-10439
2024-06-08,100080,25,InduParts,LS-10440
2024-06-09,100061,21,LiefTec,LS-10441
2024-06-09,100097,26,MechaPro,LS-10442
2024-06-09,100072,52,MechaPro,LS-10443
2024-06-09,100025,41,ElektroPlus,LS-10444
2024-06-10,100065,19,MechaPro,LS-10445
2024-06-10,100072,39,MechaPro,LS-10446
2024-06-11,100072,32,InduParts,LS-10447
2024-06-11,100039,11,MechaPro,LS-10448
2024-06-11,100016,36,InduParts,LS-10449
2024-06-11,100000,15,InduParts,LS-10450
2024-06-12,100088,14,ElektroPlus,LS-10451
2024-06-12,100060,13,MechaPro,LS-10452
2024-06-12,100042,18,MechaPro,LS-10453
2024-06-13,100041,17,LiefTec,LS-10454
2024-06-13,100024,29,LiefTec,LS-10455
2024-06-13,100038,6,LiefTec,LS-10456
2024-06-14,100034,39,LiefTec,LS-10457
2024-06-15,100002,11,InduParts,LS-10458
2024-06-15,100043,25,InduParts,LS-10459
2024-06-16,100050,22,MechaPro,LS-10460
2024-06-16,100093,7,InduParts,LS-10461
2024-06-17,100097,46,ElektroPlus,LS-10462
2024-06-18,100011,58,InduParts,LS-10463
2024-06-18,100018,43,InduParts,LS-10464
2024-06-18,100043,45,MechaPro,LS-10465
2024-06-18,100058,53,MechaPro,LS-10466
2024-06-18,100048,15,LiefTec,LS-10467
2024-06-18,100060,43,MechaPro,LS-10468
2024-06-19,100016,28,ElektroPlus,LS-10469
2024-06-20,100073,50,InduParts,LS-10470
2024-06-20,100056,23,LiefTec,LS-10471
2024-06-20,100054,8,MechaPro,LS-10472
2024-06-20,100046,30,InduParts,LS-10473
2024-06-21,100011,42,LiefTec,LS-10474
2024-06-21,100061,46,MechaPro,LS-10475
2024-06-21,100079,36,ElektroPlus,LS-10476
2024-06-21,100087,43,MechaPro,LS-10477
2024-06-21,100082,49,LiefTec,LS-10478
2024-06-21,100007,50,MechaPro,LS-10479
2024-06-22,100094,40,ElektroPlus,LS-10480
2024-06-22,100020,44,MechaPro,LS-10481
2024-06-23,100080,41,LiefTec,LS-10482
2024-06-24,100086,37,MechaPro,LS-10483
2024-06-24,100079,40,MechaPro,LS-10484
2024-06-25,100069,7,MechaPro,LS-10485
2024-06-25,100071,13,InduParts,LS-10486
2024-06-25,100024,12,LiefTec,LS-10487
2024-06-25,100081,37,ElektroPlus,LS-10488
2024-06-26,100088,10,LiefTec,LS-10489
2024-06-26,100011,45,MechaPro,LS-10490
2024-06-27,100014,43,LiefTec,LS-10491
2024-06-27,100058,8,MechaPro,LS-10492
2024-06-28,100025,17,MechaPro,LS-10493
2024-06-28,100025,53,MechaPro,LS-10494
2024-06-28,100046,6,LiefTec,LS-10495
2024-06-28,100031,9,InduParts,LS-10496
2024-06-28,100009,48,LiefTec,LS-10497
2024-06-29,100015,31,InduParts,LS-10498
2024-06-29,100070,36,ElektroPlus,LS-10499
2024-06-30,100016,25,MechaPro,LS-10500
2024-07-01,100022,12,MechaPro,LS-10501
2024-07-01,100025,42,MechaPro,LS-10502
2024-07-02,100084,12,LiefTec,LS-10503
2024-07-02,100085,54,MechaPro,LS-10504
2024-07-02,100006,7,InduParts,LS-10505
2024-07-03,100013,58,MechaPro,LS-10506
2024-07-04,100078,48,LiefTec,LS-10507
2024-07-04,100006,7,InduParts,LS-10508
2024-07-04,100008,26,MechaPro,LS-10509
2024-07-05,100047,10,InduParts,LS-10510
2024-07-05,100071,6,MechaPro,LS-10511
2024-07-05,100058,27,MechaPro,LS-10512
2024-07-05,100086,48,LiefTec,LS-10513
2024-07-05,100092,6,LiefTec,LS-10514
2024-07-06,100081,42,ElektroPlus,LS-10515
2024-07-06,100094,21,LiefTec,LS-10516
2024-07-06,100093,39,ElektroPlus,LS-10517
2024-07-07,100038,38,MechaPro,LS-10518
2024-07-07,100098,27,LiefTec,LS-10519
2024-07-08,100017,34,LiefTec,LS-10520
2024-07-08,100058,56,LiefTec,LS-10521
2024-07-08,100016,12,ElektroPlus,LS-10522
2024-07-08,100013,26,MechaPro,LS-10523
2024-07-08,100030,48,MechaPro,LS-10524
2024-07-08,100023,40,MechaPro,LS-10525
2024-07-09,100098,9,LiefTec,LS-10526
2024-07-09,100059,17,MechaPro,LS-10527
2024-07-09,100044,33,LiefTec,LS-10528
2024-07-10,100097,35,InduParts,LS-10529
2024-07-10,100002,51,MechaPro,LS-10530
2024-07-10,100036,59,MechaPro,LS-10531
2024-07-10,100042,20,MechaPro,LS-10532
2024-07-10,100039,46,MechaPro,LS-10533
2024-07-10,100089,34,ElektroPlus,LS-10534
2024-07-10,100054,59,MechaPro,LS-10535
2024-07-12,100086,20,LiefTec,LS-10536
2024-07-12,100038,16,InduParts,LS-10537
2024-07-12,100014,21,LiefTec,LS-10538
2024-07-13,100003,20,LiefTec,LS-10539
2024-07-13,100092,16,ElektroPlus,LS-10540
2024-07-13,100085,12,InduParts,LS-10541
2024-07-14,100024,24,ElektroPlus,LS-10542
2024-07-14,100012,7,MechaPro,LS-10543
2024-07-15,100081,20,MechaPro,LS-10544
2024-07-15,100032,34,LiefTec,LS-10545
2024-07-16,100015,49,LiefTec,LS-10546
2024-07-16,100041,27,InduParts,LS-10547
2024-07-16,100065,32,MechaPro,LS-10548
2024-07-16,100054,55,InduParts,LS-10549
2024-07-17,100098,44,InduParts,LS-10550
2024-07-19,100041,58,LiefTec,LS-10551
2024-07-19,100033,9,MechaPro,LS-10552
2024-07-19,100029,24,InduParts,LS-10553
2024-07-20,100012,44,LiefTec,LS-10554
2024-07-20,100012,48,InduParts,LS-10555
2024-07-20,100017,5,MechaPro,LS-10556
2024-07-20,100031,34,LiefTec,LS-10557
2024-07-21,100095,25,MechaPro,LS-10558
2024-07-21,100098,24,ElektroPlus,LS-10559
2024-07-21,100038,10,LiefTec,LS-10560
2024-07-22,100045,26,InduParts,LS-10561
2024-07-23,100028,22,LiefTec,LS-10562
2024-07-23,100061,12,InduParts,LS-10563
2024-07-24,100092,43,InduParts,LS-10564
2024-07-24,100061,36,MechaPro,LS-10565
2024-07-25,100056,37,MechaPro,LS-10566
2024-07-25,100015,57,InduParts,LS-10567
2024-07-25,100055,20,MechaPro,LS-10568
2024-07-26,100009,16,InduParts,LS-10569
2024-07-26,100029,42,LiefTec,LS-10570
2024-07-26,100024,56,ElektroPlus,LS-10571
2024-07-30,100083,38,InduParts,LS-10572
2024-07-30,100004,18,ElektroPlus,LS-10573
2024-07-30,100064,40,LiefTec,LS-10574
2024-07-31,100093,37,MechaPro,LS-10575
2024-07-31,100048,27,MechaPro,LS-10576
2024-08-01,100002,54,MechaPro,LS-10577
2024-08-01,100044,49,MechaPro,LS-10578
2024-08-01,100013,6,LiefTec,LS-10579
2024-08-02,100029,45,InduParts,LS-10580
2024-08-02,100067,25,MechaPro,LS-10581
2024-08-02,100017,6,LiefTec,LS-10582
2024-08-02,100061,31,InduParts,LS-10583
2024-08-02,100036,13,MechaPro,LS-10584
2024-08-03,100024,5,LiefTec,LS-10585
2024-08-03,100047,15,ElektroPlus,LS-10586
2024-08-04,100064,7,ElektroPlus,LS-10587
2024-08-04,100052,56,MechaPro,LS-10588
2024-08-04,100078,27,LiefTec,LS-10589
2024-08-04,100072,30,InduParts,LS-10590
2024-08-04,100014,8,MechaPro,LS-10591
2024-08-04,100048,22,MechaPro,LS-10592
2024-08-05,100087,59,MechaPro,LS-10593
2024-08-05,100067,10,MechaPro,LS-10594
2024-08-05,100011,39,MechaPro,LS-10595
2024-08-05,100058,26,MechaPro,LS-10596
2024-08-05,100036,47,InduParts,LS-10597
2024-08-07,100060,19,ElektroPlus,LS-10598
2024-08-07,100042,26,MechaPro,LS-10599
2024-08-07,100069,41,InduParts,LS-10600
2024-08-07,100038,56,ElektroPlus,LS-10601
2024-08-07,100055,46,MechaPro,LS-10602
2024-08-07,100062,16,MechaPro,LS-10603
2024-08-07,100045,51,InduParts,LS-10604
2024-08-08,100087,53,MechaPro,LS-10605
2024-08-09,100010,46,InduParts,LS-10606
2024-08-09,100061,42,MechaPro,LS-10607
2024-08-09,100076,22,ElektroPlus,LS-10608
2024-08-10,100097,49,LiefTec,LS-10609
2024-08-10,100024,39,LiefTec,LS-10610
2024-08-10,100070,34,InduParts,LS-10611
2024-08-10,100051,28,LiefTec,LS-10612
2024-08-10,100003,46,LiefTec,LS-10613
2024-08-11,100058,34,MechaPro,LS-10614
2024-08-11,100071,18,LiefTec,LS-10615
2024-08-11,100019,10,LiefTec,LS-10616
2024-08-11,100092,7,ElektroPlus,LS-10617
2024-08-12,100062,20,LiefTec,LS-10618
2024-08-12,100053,11,InduParts,LS-10619
2024-08-12,100073,56,InduParts,LS-10620
2024-08-12,100097,18,ElektroPlus,LS-10621
2024-08-13,100056,13,LiefTec,LS-10622
2024-08-13,100089,19,ElektroPlus,LS-10623
2024-08-13,100040,25,MechaPro,LS-10624
2024-08-14,100002,39,InduParts,LS-10625
2024-08-14,100005,6,InduParts,LS-10626
2024-08-14,100004,31,InduParts,LS-10627
2024-08-14,100004,6,MechaPro,LS-10628
2024-08-14,100053,39,InduParts,LS-10629
2024-08-15,100046,22,MechaPro,LS-10630
2024-08-15,100086,18,InduParts,LS-10631
2024-08-16,100048,24,ElektroPlus,LS-10632
2024-08-16,100008,22,LiefTec,LS-10633
2024-08-16,100098,14,ElektroPlus,LS-10634
2024-08-16,100019,29,LiefTec,LS-10635
2024-08-16,100060,6,LiefTec,LS-10636
2024-08-17,100034,29,LiefTec,LS-10637
2024-08-17,100049,58,MechaPro,LS-10638
2024-08-18,100081,37,InduParts,LS-10639
2024-08-18,100061,40,LiefTec,LS-10640
2024-08-18,100016,35,LiefTec,LS-10641
2024-08-18,100087,18,ElektroPlus,LS-10642
2024-08-18,100002,5,InduParts,LS-10643
2024-08-20,100031,50,InduParts,LS-10644
2024-08-20,100098,20,ElektroPlus,LS-10645
2024-08-20,100012,58,InduParts,LS-10646
2024-08-20,100088,50,LiefTec,LS-10647
2024-08-20,100072,56,MechaPro,LS-10648
2024-08-20,100067,7,InduParts,LS-10649
2024-08-20,100013,39,LiefTec,LS-10650
2024-08-20,100097,45,InduParts,LS-10651
2024-08-21,100010,10,LiefTec,LS-10652
2024-08-22,100055,29,MechaPro,LS-10653
2024-08-22,100066,17,MechaPro,LS-10654
2024-08-23,100091,57,InduParts,LS-10655
2024-08-23,100028,38,MechaPro,LS-10656
2024-08-23,100008,12,InduParts,LS-10657
2024-08-24,100066,25,LiefTec,LS-10658
2024-08-24,100024,38,LiefTec,LS-10659
2024-08-24,100097,8,ElektroPlus,LS-10660
2024-08-25,100075,29,InduParts,LS-10661
2024-08-25,100041,19,LiefTec,LS-10662
2024-08-25,100008,8,InduParts,LS-10663
2024-08-26,100078,49,LiefTec,LS-10664
2024-08-26,100039,16,MechaPro,LS-10665
2024-08-26,100024,36,LiefTec,LS-10666
2024-08-26,100004,36,InduParts,LS-10667
2024-08-26,100010,32,InduParts,LS-10668
2024-08-27,100058,17,LiefTec,LS-10669
2024-08-27,100097,35,ElektroPlus,LS-10670
2024-08-27,100087,18,MechaPro,LS-10671
2024-08-28,100078,24,LiefTec,LS-10672
2024-08-29,100037,22,LiefTec,LS-10673
2024-08-29,100071,33,LiefTec,LS-10674
2024-08-29,100004,10,LiefTec,LS-10675
2024-08-29,100047,36,MechaPro,LS-10676
2024-08-30,100089,33,InduParts,LS-10677
2024-08-30,100017,47,MechaPro,LS-10678
2024-08-31,100069,6,LiefTec,LS-10679
2024-09-02,100036,27,LiefTec,LS-10680
2024-09-02,100059,23,LiefTec,LS-10681
2024-09-03,100047,35,MechaPro,LS-10682
2024-09-03,100076,55,InduParts,LS-10683
2024-09-03,100027,9,LiefTec,LS-10684
2024-09-03,100068,23,InduParts,LS-10685
2024-09-03,100076,38,ElektroPlus,LS-10686
2024-09-03,100080,14,MechaPro,LS-10687
2024-09-05,100039,29,InduParts,LS-10688
2024-09-05,100044,6,MechaPro,LS-10689
2024-09-05,100095,15,InduParts,LS-10690
2024-09-05,100061,54,MechaPro,LS-10691
2024-09-06,100092,35,MechaPro,LS-10692
2024-09-06,100057,19,LiefTec,LS-10693
2024-09-06,100066,13,MechaPro,LS-10694
2024-09-07,100055,27,LiefTec,LS-10695
2024-09-07,100039,23,MechaPro,LS-10696
2024-09-08,100097,13,LiefTec,LS-10697
2024-09-08,100039,39,ElektroPlus,LS-10698
2024-09-08,100090,25,InduParts,LS-10699
2024-09-08,100076,13,MechaPro,LS-10700
2024-09-08,100032,32,LiefTec,LS-10701
2024-09-08,100005,50,ElektroPlus,LS-10702
2024-09-08,100087,55,InduParts,LS-10703
2024-09-09,100018,11,InduParts,LS-10704
2024-09-09,100079,20,LiefTec,LS-10705
2024-09-09,100039,20,MechaPro,LS-10706
2024-09-09,100091,37,LiefTec,LS-10707
2024-09-09,100096,8,LiefTec,LS-10708
2024-09-09,100058,8,InduParts,LS-10709
2024-09-10,100058,43,InduParts,LS-10710
2024-09-10,100047,44,MechaPro,LS-10711
2024-09-10,100040,21,ElektroPlus,LS-10712
2024-09-11,100012,41,MechaPro,LS-10713
2024-09-11,100044,43,MechaPro,LS-10714
2024-09-11,100088,56,MechaPro,LS-10715
2024-09-12,100052,33,ElektroPlus,LS-10716
2024-09-12,100041,56,LiefTec,LS-10717
2024-09-13,100099,40,ElektroPlus,LS-10718
2024-09-13,100062,42,InduParts,LS-10719
2024-09-13,100026,43,LiefTec,LS-10720
2024-09-14,100037,54,MechaPro,LS-10721
2024-09-14,100059,41,ElektroPlus,LS-10722
2024-09-15,100006,56,MechaPro,LS-10723
2024-09-15,100004,39,ElektroPlus,LS-10724
2024-09-15,100044,11,ElektroPlus,LS-10725
2024-09-15,100057,31,MechaPro,LS-10726
2024-09-15,100030,32,MechaPro,LS-10727
2024-09-16,100022,26,ElektroPlus,LS-10728
2024-09-16,100041,18,InduParts,LS-10729
2024-09-17,100009,11,LiefTec,LS-10730
2024-09-18,100031,41,LiefTec,LS-10731
2024-09-18,100052,26,MechaPro,LS-10732
2024-09-19,100029,9,ElektroPlus,LS-10733
2024-09-20,100038,59,InduParts,LS-10734
2024-09-20,100030,6,InduParts,LS-10735
2024-09-20,100081,31,LiefTec,LS-10736
2024-09-20,100099,25,LiefTec,LS-10737
2024-09-20,100001,58,ElektroPlus,LS-10738
2024-09-20,100077,42,LiefTec,LS-10739
2024-09-21,100076,19,LiefTec,LS-10740
2024-09-21,100092,25,LiefTec,LS-10741
2024-09-23,100011,14,InduParts,LS-10742
2024-09-23,100038,27,ElektroPlus,LS-10743
2024-09-24,100065,43,LiefTec,LS-10744
2024-09-24,100095,9,MechaPro,LS-10745
2024-09-24,100012,5,InduParts,LS-10746
2024-09-24,100045,17,ElektroPlus,LS-10747
2024-09-24,100026,25,LiefTec,LS-10748
2024-09-25,100016,30,MechaPro,LS-10749
2024-09-26,100094,54,MechaPro,LS-10750
2024-09-27,100097,49,ElektroPlus,LS-10751
2024-09-27,100059,25,MechaPro,LS-10752
2024-09-27,100063,57,LiefTec,LS-10753
2024-09-27,100087,22,InduParts,LS-10754
2024-09-28,100034,41,InduParts,LS-10755
2024-09-28,100069,49,LiefTec,LS-10756
2024-09-29,100082,36,ElektroPlus,LS-10757
2024-09-29,100029,40,LiefTec,LS-10758
2024-09-29,100070,21,MechaPro,LS-10759
2024-09-29,100073,39,MechaPro,LS-10760
2024-09-30,100095,53,InduParts,LS-10761
2024-09-30,100097,15,MechaPro,LS-10762
2024-10-01,100062,25,ElektroPlus,LS-10763
2024-10-01,100027,56,InduParts,LS-10764
2024-10-01,100059,59,InduParts,LS-10765
2024-10-03,100078,57,InduParts,LS-10766
2024-10-03,100093,30,InduParts,LS-10767
2024-10-03,100036,8,LiefTec,LS-10768
2024-10-03,100092,38,MechaPro,LS-10769
2024-10-03,100021,56,ElektroPlus,LS-10770
2024-10-03,100067,52,LiefTec,LS-10771
2024-10-04,100019,22,InduParts,LS-10772
2024-10-05,100095,44,ElektroPlus,LS-10773
2024-10-05,100099,39,LiefTec,LS-10774
2024-10-06,100067,45,InduParts,LS-10775
2024-10-06,100090,33,MechaPro,LS-10776
2024-10-06,100063,56,MechaPro,LS-10777
2024-10-06,100016,33,LiefTec,LS-10778
2024-10-06,100011,42,LiefTec,LS-10779
2024-10-07,100021,46,InduParts,LS-10780
2024-10-07,100016,25,InduParts,LS-10781
2024-10-08,100009,46,InduParts,LS-10782
2024-10-08,100064,17,MechaPro,LS-10783
2024-10-08,100021,53,LiefTec,LS-10784
2024-10-09,100089,45,InduParts,LS-10785
2024-10-09,100081,21,LiefTec,LS-10786
2024-10-09,100049,13,ElektroPlus,LS-10787
2024-10-09,100013,45,InduParts,LS-10788
2024-10-09,100063,5,InduParts,LS-10789
2024-10-10,100046,6,ElektroPlus,LS-10790
2024-10-10,100028,52,LiefTec,LS-10791
2024-10-10,100075,33,InduParts,LS-10792
2024-10-10,100035,37,MechaPro,LS-10793
2024-10-11,100098,14,ElektroPlus,LS-10794
2024-10-11,100051,54,LiefTec,LS-10795
2024-10-11,100075,44,InduParts,LS-10796
2024-10-12,100006,25,ElektroPlus,LS-10797
2024-10-12,100028,32,LiefTec,LS-10798
2024-10-12,100010,15,MechaPro,LS-10799
2024-10-12,100032,59,InduParts,LS-10800
2024-10-12,100005,38,MechaPro,LS-10801
2024-10-14,100078,12,LiefTec,LS-10802
2024-10-14,100031,26,LiefTec,LS-10803
2024-10-14,100050,12,LiefTec,LS-10804
2024-10-15,100074,53,ElektroPlus,LS-10805
2024-10-15,100057,19,MechaPro,LS-10806
2024-10-15,100086,21,LiefTec,LS-10807
2024-10-15,100025,27,MechaPro,LS-10808
2024-10-15,100097,28,MechaPro,LS-10809
2024-10-16,100045,49,LiefTec,LS-10810
2024-10-16,100097,23,MechaPro,LS-10811
2024-10-18,100028,9,MechaPro,LS-10812
2024-10-18,100003,36,MechaPro,LS-10813
2024-10-19,100080,48,InduParts,LS-10814
2024-10-19,100098,5,LiefTec,LS-10815
2024-10-20,100012,27,InduParts,LS-10816
2024-10-20,100038,41,MechaPro,LS-10817
2024-10-20,100014,12,MechaPro,LS-10818
2024-10-20,100028,17,InduParts,LS-10819
2024-10-21,100028,12,MechaPro,LS-10820
2024-10-22,100074,27,ElektroPlus,LS-10821
2024-10-24,100031,47,InduParts,LS-10822
2024-10-25,100001,5,MechaPro,LS-10823
2024-10-26,100046,49,InduParts,LS-10824
2024-10-26,100077,55,InduParts,LS-10825
2024-10-27,100083,28,LiefTec,LS-10826
2024-10-27,100021,39,LiefTec,LS-10827
2024-10-27,100074,28,LiefTec,LS-10828
2024-10-28,100026,21,ElektroPlus,LS-10829
2024-10-28,100066,9,InduParts,LS-10830
2024-10-29,100080,24,ElektroPlus,LS-10831
2024-10-29,100055,25,InduParts,LS-10832
2024-10-29,100091,44,MechaPro,LS-10833
2024-10-29,100092,35,LiefTec,LS-10834
2024-10-30,100020,50,InduParts,LS-10835
2024-10-30,100046,40,MechaPro,LS-10836
2024-10-30,100079,15,ElektroPlus,LS-10837
2024-10-30,100058,56,LiefTec,LS-10838
2024-10-30,100083,19,MechaPro,LS-10839
2024-10-31,100005,23,InduParts,LS-10840
2024-10-31,100018,11,InduParts,LS-10841
2024-11-01,100056,55,MechaPro,LS-10842
2024-11-01,100068,32,InduParts,LS-10843
2024-11-01,100002,55,LiefTec,LS-10844
2024-11-02,100000,47,InduParts,LS-10845
2024-11-02,100057,9,InduParts,LS-10846
2024-11-03,100037,9,ElektroPlus,LS-10847
2024-11-03,100014,34,InduParts,LS-10848
2024-11-03,100033,58,MechaPro,LS-10849
2024-11-04,100060,36,LiefTec,LS-10850
2024-11-05,100034,12,ElektroPlus,LS-10851
2024-11-05,100063,14,MechaPro,LS-10852
2024-11-06,100024,42,ElektroPlus,LS-10853
2024-11-06,100023,51,LiefTec,LS-10854
2024-11-06,100011,36,InduParts,LS-10855
2024-11-07,100017,52,InduParts,LS-10856
2024-11-07,100014,32,ElektroPlus,LS-10857
2024-11-07,100079,21,MechaPro,LS-10858
2024-11-08,100026,35,InduParts,LS-10859
2024-11-08,100071,12,MechaPro,LS-10860
2024-11-09,100059,44,LiefTec,LS-10861
2024-11-09,100045,29,InduParts,LS-10862
2024-11-09,100088,13,InduParts,LS-10863
2024-11-10,100016,6,ElektroPlus,LS-10864
2024-11-10,100092,19,MechaPro,LS-10865
2024-11-10,100052,54,LiefTec,LS-10866
2024-11-11,100007,7,LiefTec,LS-10867
2024-11-11,100078,53,MechaPro,LS-10868
2024-11-11,100026,40,MechaPro,LS-10869
2024-11-12,100045,8,InduParts,LS-10870
2024-11-12,100049,18,MechaPro,LS-10871
2024-11-12,100070,45,ElektroPlus,LS-10872
2024-11-12,100002,45,ElektroPlus,LS-10873
2024-11-13,100092,29,InduParts,LS-10874
2024-11-13,100063,59,ElektroPlus,LS-10875
2024-11-13,100043,54,InduParts,LS-10876
2024-11-13,100052,14,MechaPro,LS-10877
2024-11-14,100023,25,LiefTec,LS-10878
2024-11-14,100059,40,MechaPro,LS-10879
2024-11-15,100002,16,MechaPro,LS-10880
2024-11-15,100019,31,ElektroPlus,LS-10881
2024-11-15,100045,44,MechaPro,LS-10882
2024-11-16,100014,6,ElektroPlus,LS-10883
2024-11-16,100024,58,InduParts,LS-10884
2024-11-17,100093,17,LiefTec,LS-10885
2024-11-17,100077,57,ElektroPlus,LS-10886
2024-11-18,100070,36,MechaPro,LS-10887
2024-11-18,100016,35,MechaPro,LS-10888
2024-11-18,100083,20,InduParts,LS-10889
2024-11-19,100099,36,LiefTec,LS-10890
2024-11-19,100008,36,InduParts,LS-10891
2024-11-20,100037,38,MechaPro,LS-10892
2024-11-20,100047,15,MechaPro,LS-10893
2024-11-20,100059,14,ElektroPlus,LS-10894
2024-11-21,100062,19,MechaPro,LS-10895
2024-11-21,100085,21,LiefTec,LS-10896
2024-11-21,100001,44,MechaPro,LS-10897
2024-11-21,100087,22,ElektroPlus,LS-10898
2024-11-22,100071,59,LiefTec,LS-10899
2024-11-22,100010,13,LiefTec,LS-10900
2024-11-22,100063,29,LiefTec,LS-10901
2024-11-23,100076,44,LiefTec,LS-10902
2024-11-24,100080,18,InduParts,LS-10903
2024-11-25,100071,29,InduParts,LS-10904
2024-11-25,100020,54,MechaPro,LS-10905
2024-11-25,100017,26,InduParts,LS-10906
2024-11-26,100093,56,MechaPro,LS-10907
2024-11-26,100063,34,ElektroPlus,LS-10908
2024-11-26,100081,24,ElektroPlus,LS-10909
2024-11-26,100094,25,MechaPro,LS-10910
2024-11-28,100037,48,ElektroPlus,LS-10911
2024-11-30,100031,36,InduParts,LS-10912
2024-11-30,100010,55,MechaPro,LS-10913
2024-11-30,100044,50,LiefTec,LS-10914
2024-11-30,100088,53,MechaPro,LS-10915
2024-12-01,100032,25,InduParts,LS-10916
2024-12-01,100040,39,ElektroPlus,LS-10917
2024-12-02,100007,36,InduParts,LS-10918
2024-12-02,100010,34,ElektroPlus,LS-10919
2024-12-03,100085,59,InduParts,LS-10920
2024-12-03,100050,43,InduParts,LS-10921
2024-12-03,100087,53,InduParts,LS-10922
2024-12-03,100040,16,MechaPro,LS-10923
2024-12-04,100016,45,MechaPro,LS-10924
2024-12-04,100075,51,InduParts,LS-10925
2024-12-05,100045,22,LiefTec,LS-10926
2024-12-05,100031,25,InduParts,LS-10927
2024-12-05,100078,17,LiefTec,LS-10928
2024-12-05,100079,25,MechaPro,LS-10929
2024-12-05,100053,12,InduParts,LS-10930
2024-12-06,100085,50,LiefTec,LS-10931
2024-12-06,100091,44,LiefTec,LS-10932
2024-12-06,100019,50,MechaPro,LS-10933
2024-12-07,100032,11,ElektroPlus,LS-10934
2024-12-07,100073,27,LiefTec,LS-10935
2024-12-07,100039,48,ElektroPlus,LS-10936
2024-12-07,100031,36,LiefTec,LS-10937
2024-12-07,100096,15,ElektroPlus,LS-10938
2024-12-07,100001,26,ElektroPlus,LS-10939
2024-12-08,100096,26,MechaPro,LS-10940
2024-12-09,100032,47,MechaPro,LS-10941
2024-12-09,100076,29,MechaPro,LS-10942
2024-12-10,100029,26,InduParts,LS-10943
2024-12-10,100032,32,LiefTec,LS-10944
2024-12-11,100076,33,LiefTec,LS-10945
2024-12-11,100025,17,LiefTec,LS-10946
2024-12-11,100021,22,MechaPro,LS-10947
2024-12-11,100065,6,LiefTec,LS-10948
2024-12-11,100037,33,InduParts,LS-10949
2024-12-11,100089,25,ElektroPlus,LS-10950
2024-12-11,100045,19,MechaPro,LS-10951
2024-12-12,100014,56,MechaPro,LS-10952
2024-12-13,100097,31,MechaPro,LS-10953
2024-12-13,100043,54,InduParts,LS-10954
2024-12-13,100048,35,ElektroPlus,LS-10955
2024-12-13,100074,19,ElektroPlus,LS-10956
2024-12-14,100060,55,ElektroPlus,LS-10957
2024-12-14,100066,27,LiefTec,LS-10958
2024-12-14,100005,28,InduParts,LS-10959
2024-12-14,100008,48,InduParts,LS-10960
2024-12-14,100005,17,LiefTec,LS-10961
2024-12-15,100072,26,ElektroPlus,LS-10962
2024-12-15,100094,47,LiefTec,LS-10963
2024-12-15,100031,41,InduParts,LS-10964
2024-12-15,100040,37,LiefTec,LS-10965
2024-12-16,100075,7,MechaPro,LS-10966
2024-12-16,100007,58,InduParts,LS-10967
2024-12-17,100071,23,MechaPro,LS-10968
2024-12-17,100049,27,MechaPro,LS-10969
2024-12-17,100091,33,MechaPro,LS-10970
2024-12-19,100061,34,InduParts,LS-10971
2024-12-20,100083,43,LiefTec,LS-10972
2024-12-20,100061,48,MechaPro,LS-10973
2024-12-20,100006,51,ElektroPlus,LS-10974
2024-12-20,100074,29,InduParts,LS-10975
2024-12-21,100083,41,MechaPro,LS-10976
2024-12-22,100079,51,InduParts,LS-10977
2024-12-22,100003,12,InduParts,LS-10978
2024-12-22,100005,46,ElektroPlus,LS-10979
2024-12-23,100057,20,MechaPro,LS-10980
2024-12-23,100021,12,LiefTec,LS-10981
2024-12-24,100025,5,LiefTec,LS-10982
2024-12-24,100002,48,LiefTec,LS-10983
2024-12-25,100040,9,MechaPro,LS-10984
2024-12-25,100059,7,LiefTec,LS-10985
2024-12-25,100013,5,InduParts,LS-10986
2024-12-25,100074,8,MechaPro,LS-10987
2024-12-25,100081,44,LiefTec,LS-10988
2024-12-25,100011,39,ElektroPlus,LS-10989
2024-12-26,100086,36,MechaPro,LS-10990
2024-12-26,100011,46,LiefTec,LS-10991
2024-12-28,100012,38,InduParts,LS-10992
2024-12-29,100024,47,LiefTec,LS-10993
2024-12-29,100044,29,InduParts,LS-10994
2024-12-30,100018,14,InduParts,LS-10995
2024-12-30,100054,25,MechaPro,LS-10996
2024-12-30,100099,50,InduParts,LS-10997
2024-12-30,100044,43,MechaPro,LS-10998
2024-12-30,100007,31,MechaPro,LS-10999
2024-12-30,100092,31,LiefTec,LS-11000
