datum,artikel,menge,grund,belegnummer
2024-01-01,100017,18,Versand,WA-20001
2024-01-01,100031,56,Versand,WA-20002
2024-01-01,100095,46,Produktion,WA-20003
2024-01-01,100098,47,Produktion,WA-20004
2024-01-01,100038,58,Versand,WA-20005
2024-01-01,100045,59,Produktion,WA-20006
2024-01-01,100028,23,Versand,WA-20007
2024-01-01,100061,52,Versand,WA-20008
2024-01-02,100092,35,Produktion,WA-20009
2024-01-02,100061,9,Produktion,WA-20010
2024-01-02,100056,17,Produktion,WA-20011
2024-01-02,100015,34,Versand,WA-20012
2024-01-03,100055,22,Reparatur,WA-20013
2024-01-04,100009,17,Produktion,WA-20014
2024-01-04,100029,50,Produktion,WA-20015
2024-01-04,100024,23,Produktion,WA-20016
2024-01-04,100083,44,Reparatur,WA-20017
2024-01-04,100004,28,Produktion,WA-20018
2024-01-04,100064,16,Produktion,WA-20019
2024-01-05,100093,59,Retourenaufbereitung,WA-20020
2024-01-05,100048,39,Produktion,WA-20021
2024-01-05,100002,60,Versand,WA-20022
2024-01-05,100044,23,Produktion,WA-20023
2024-01-05,100013,5,Versand,WA-20024
2024-01-05,100029,39,Versand,WA-20025
2024-01-05,100067,51,Produktion,WA-20026
2024-01-06,100017,21,Retourenaufbereitung,WA-20027
2024-01-06,100061,14,Retourenaufbereitung,WA-20028
2024-01-06,100036,63,Versand,WA-20029
2024-01-06,100024,43,Versand,WA-20030
2024-01-07,100047,35,Versand,WA-20031
2024-01-07,100064,52,Retourenaufbereitung,WA-20032
2024-01-07,100052,35,Retourenaufbereitung,WA-20033
2024-01-07,100078,26,Produktion,WA-20034
2024-01-08,100072,63,Reparatur,WA-20035
2024-01-08,100014,63,Produktion,WA-20036
2024-01-08,100048,30,Produktion,WA-20037
2024-01-08,100087,60,Versand,WA-20038
2024-01-09,100067,45,Versand,WA-20039
2024-01-09,100011,43,Produktion,WA-20040
2024-01-09,100058,41,Produktion,WA-20041
2024-01-09,100036,51,Versand,WA-20042
2024-01-10,100060,19,Retourenaufbereitung,WA-20043
2024-01-10,100042,67,Versand,WA-20044
2024-01-10,100069,7,Versand,WA-20045
2024-01-10,100038,4,Produktion,WA-20046
2024-01-11,100055,24,Produktion,WA-20047
2024-01-11,100062,59,Produktion,WA-20048
2024-01-11,100045,68,Versand,WA-20049
2024-01-12,100087,18,Versand,WA-20050
2024-01-12,100010,53,Produktion,WA-20051
2024-01-12,100061,41,Produktion,WA-20052
2024-01-12,100076,42,Versand,WA-20053
2024-01-12,100097,40,Produktion,WA-20054
2024-01-13,100024,62,Versand,WA-20055
2024-01-13,100070,61,Produktion,WA-20056
2024-01-13,100051,12,Reparatur,WA-20057
2024-01-13,100003,66,Versand,WA-20058
2024-01-13,100058,65,Versand,WA-20059
2024-01-14,100071,51,Produktion,WA-20060
2024-01-14,100019,66,Produktion,WA-20061
2024-01-14,100092,34,Produktion,WA-20062
2024-01-14,100062,9,Reparatur,WA-20063
2024-01-14,100053,23,Reparatur,WA-20064
2024-01-14,100073,22,Retourenaufbereitung,WA-20065
2024-01-14,100097,28,Versand,WA-20066
2024-01-15,100056,17,Versand,WA-20067
2024-01-15,100089,16,Versand,WA-20068
2024-01-15,100040,29,Versand,WA-20069
2024-01-15,100002,42,Produktion,WA-20070
2024-01-15,100005,60,Versand,WA-20071
2024-01-15,100004,30,Retourenaufbereitung,WA-20072
2024-01-16,100004,28,Produktion,WA-20073
2024-01-16,100053,65,Produktion,WA-20074
2024-01-16,100046,68,Versand,WA-20075
2024-01-17,100086,27,Versand,WA-20076
2024-01-17,100048,5,Versand,WA-20077
2024-01-17,100008,46,Versand,WA-20078
2024-01-17,100098,44,Versand,WA-20079
2024-01-17,100019,8,Produktion,WA-20080
2024-01-18,100060,41,Reparatur,WA-20081
2024-01-18,100034,54,Reparatur,WA-20082
2024-01-19,100049,25,Produktion,WA-20083
2024-01-19,100081,52,Versand,WA-20084
2024-01-19,100061,45,Reparatur,WA-20085
2024-01-20,100016,21,Reparatur,WA-20086
2024-01-20,100087,53,Versand,WA-20087
2024-01-20,100002,13,Produktion,WA-20088
2024-01-20,100031,14,Versand,WA-20089
2024-01-21,100098,10,Reparatur,WA-20090
2024-01-21,100012,26,Retourenaufbereitung,WA-20091
2024-01-22,100088,43,Versand,WA-20092
2024-01-22,100072,38,Reparatur,WA-20093
2024-01-22,100067,57,Produktion,WA-20094
2024-01-23,100013,11,Retourenaufbereitung,WA-20095
2024-01-23,100097,49,Versand,WA-20096
2024-01-23,100010,17,Reparatur,WA-20097
2024-01-23,100055,50,Versand,WA-20098
2024-01-25,100066,44,Versand,WA-20099
2024-01-25,100091,62,Versand,WA-20100
2024-01-25,100028,14,Retourenaufbereitung,WA-20101
2024-01-25,100008,4,Reparatur,WA-20102
2024-01-25,100066,9,Reparatur,WA-20103
2024-01-25,100024,5,Retourenaufbereitung,WA-20104
2024-01-25,100097,5,Versand,WA-20105
2024-01-26,100075,29,Versand,WA-20106
2024-01-26,100041,42,Versand,WA-20107
2024-01-26,100008,35,Versand,WA-20108
2024-01-26,100078,3,Versand,WA-20109
2024-01-27,100039,10,Versand,WA-20110
2024-01-27,100024,34,Versand,WA-20111
2024-01-28,100004,50,Versand,WA-20112
2024-01-28,100010,6,Versand,WA-20113
2024-01-28,100058,21,Versand,WA-20114
2024-01-28,100097,34,Retourenaufbereitung,WA-20115
2024-01-28,100087,11,Produktion,WA-20116
2024-01-29,100078,14,Retourenaufbereitung,WA-20117
2024-01-29,100037,13,Versand,WA-20118
2024-01-29,100071,48,Versand,WA-20119
2024-01-29,100004,18,Produktion,WA-20120
2024-01-29,100047,3,Versand,WA-20121
2024-01-30,100089,65,Versand,WA-20122
2024-01-31,100017,23,Versand,WA-20123
2024-02-01,100069,32,Versand,WA-20124
2024-02-02,100036,15,Versand,WA-20125
2024-02-02,100059,36,Versand,WA-20126
2024-02-02,100047,6,Produktion,WA-20127
2024-02-03,100076,30,Versand,WA-20128
2024-02-03,100027,61,Versand,WA-20129
2024-02-03,100068,29,Reparatur,WA-20130
2024-02-03,100076,27,Versand,WA-20131
2024-02-03,100080,5,Versand,WA-20132
2024-02-03,100039,27,Reparatur,WA-20133
2024-02-04,100044,22,Versand,WA-20134
2024-02-04,100095,36,Versand,WA-20135
2024-02-04,100061,28,Versand,WA-20136
2024-02-04,100092,7,Versand,WA-20137
2024-02-04,100057,63,Produktion,WA-20138
2024-02-04,100066,11,Reparatur,WA-20139
2024-02-05,100055,52,Versand,WA-20140
2024-02-05,100039,8,Produktion,WA-20141
2024-02-05,100097,62,Versand,WA-20142
2024-02-05,100039,46,Versand,WA-20143
2024-02-05,100090,13,Produktion,WA-20144
2024-02-05,100076,68,Versand,WA-20145
2024-02-06,100032,49,Versand,WA-20146
2024-02-06,100005,5,Versand,WA-20147
2024-02-06,100087,32,Versand,WA-20148
2024-02-07,100018,23,Versand,WA-20149
2024-02-07,100079,30,Reparatur,WA-20150
2024-02-07,100039,64,Versand,WA-20151
2024-02-07,100091,35,Versand,WA-20152
2024-02-07,100096,37,Versand,WA-20153
2024-02-08,100058,54,Produktion,WA-20154
2024-02-08,100058,36,Produktion,WA-20155
2024-02-08,100047,43,Produktion,WA-20156
2024-02-08,100040,53,Produktion,WA-20157
2024-02-08,100012,49,Reparatur,WA-20158
2024-02-08,100044,60,Versand,WA-20159
2024-02-08,100088,59,Versand,WA-20160
2024-02-08,100052,25,Reparatur,WA-20161
2024-02-08,100041,50,Retourenaufbereitung,WA-20162
2024-02-08,100099,24,Reparatur,WA-20163
2024-02-09,100062,19,Versand,WA-20164
2024-02-09,100026,13,Versand,WA-20165
2024-02-10,100037,17,Versand,WA-20166
2024-02-10,100059,37,Produktion,WA-20167
2024-02-10,100006,35,Versand,WA-20168
2024-02-10,100004,18,Versand,WA-20169
2024-02-11,100044,36,Reparatur,WA-20170
2024-02-11,100057,68,Versand,WA-20171
2024-02-11,100030,42,Reparatur,WA-20172
2024-02-11,100022,30,Versand,WA-20173
2024-02-11,100041,49,Versand,WA-20174
2024-02-11,100009,41,Versand,WA-20175
2024-02-11,100031,22,Produktion,WA-20176
2024-02-12,100052,3,Versand,WA-20177
2024-02-12,100029,65,Versand,WA-20178
2024-02-13,100038,69,Retourenaufbereitung,WA-20179
2024-02-13,100030,6,Versand,WA-20180
2024-02-13,100081,60,Produktion,WA-20181
2024-02-13,100099,27,Produktion,WA-20182
2024-02-13,100001,49,Versand,WA-20183
2024-02-14,100077,40,Produktion,WA-20184
2024-02-15,100076,17,Versand,WA-20185
2024-02-15,100092,65,Produktion,WA-20186
2024-02-15,100011,23,Versand,WA-20187
2024-02-15,100038,59,Produktion,WA-20188
2024-02-16,100065,55,Versand,WA-20189
2024-02-16,100095,48,Produktion,WA-20190
2024-02-16,100012,16,Versand,WA-20191
2024-02-16,100045,19,Versand,WA-20192
2024-02-16,100026,41,Versand,WA-20193
2024-02-16,100016,11,Versand,WA-20194
2024-02-16,100094,8,Reparatur,WA-20195
2024-02-17,100097,25,Versand,WA-20196
2024-02-17,100059,61,Retourenaufbereitung,WA-20197
2024-02-17,100063,48,Retourenaufbereitung,WA-20198
2024-02-18,100087,40,Produktion,WA-20199
2024-02-18,100034,16,Versand,WA-20200
2024-02-18,100069,64,Versand,WA-20201
2024-02-18,100082,37,Produktion,WA-20202
2024-02-19,100029,21,Versand,WA-20203
2024-02-20,100070,32,Versand,WA-20204
2024-02-20,100073,27,Produktion,WA-20205
2024-02-20,100095,42,Reparatur,WA-20206
2024-02-20,100097,16,Produktion,WA-20207
2024-02-20,100062,28,Versand,WA-20208
2024-02-20,100027,24,Produktion,WA-20209
2024-02-20,100059,50,Versand,WA-20210
2024-02-20,100078,53,Versand,WA-20211
2024-02-21,100093,5,Reparatur,WA-20212
2024-02-21,100036,44,Versand,WA-20213
2024-02-21,100092,21,Versand,WA-20214
2024-02-22,100021,30,Versand,WA-20215
2024-02-22,100067,47,Reparatur,WA-20216
2024-02-22,100019,65,Produktion,WA-20217
2024-02-22,100095,21,Produktion,WA-20218
2024-02-22,100099,49,Produktion,WA-20219
2024-02-22,100067,16,Versand,WA-20220
2024-02-22,100090,40,Versand,WA-20221
2024-02-22,100063,55,Versand,WA-20222
2024-02-23,100016,63,Versand,WA-20223
2024-02-23,100011,38,Versand,WA-20224
2024-02-23,100021,42,Retourenaufbereitung,WA-20225
2024-02-23,100016,32,Versand,WA-20226
2024-02-23,100009,11,Versand,WA-20227
2024-02-23,100064,66,Versand,WA-20228
2024-02-23,100021,35,Versand,WA-20229
2024-02-23,100089,54,Retourenaufbereitung,WA-20230
2024-02-24,100081,16,Versand,WA-20231
2024-02-24,100049,55,Versand,WA-20232
2024-02-24,100013,61,Produktion,WA-20233
2024-02-24,100063,43,Versand,WA-20234
2024-02-24,100046,10,Versand,WA-20235
2024-02-25,100028,4,Versand,WA-20236
2024-02-25,100075,43,Produktion,WA-20237
2024-02-26,100035,57,Retourenaufbereitung,WA-20238
2024-02-26,100098,18,Produktion,WA-20239
2024-02-27,100051,64,Versand,WA-20240
2024-02-27,100075,50,Reparatur,WA-20241
2024-02-27,100006,32,Versand,WA-20242
2024-02-27,100028,14,Versand,WA-20243
2024-02-27,100010,37,Versand,WA-20244
2024-02-27,100032,13,Versand,WA-20245
2024-02-28,100005,66,Versand,WA-20246
2024-02-28,100078,52,Produktion,WA-20247
2024-02-28,100031,23,Retourenaufbereitung,WA-20248
2024-02-29,100050,50,Versand,WA-20249
2024-02-29,100074,22,Versand,WA-20250
2024-02-29,100057,69,Versand,WA-20251
2024-03-01,100086,46,Versand,WA-20252
2024-03-01,100025,35,Produktion,WA-20253
2024-03-01,100097,63,Versand,WA-20254
2024-03-02,100045,11,Reparatur,WA-20255
2024-03-02,100097,37,Versand,WA-20256
2024-03-02,100028,67,Versand,WA-20257
2024-03-02,100003,10,Versand,WA-20258
2024-03-02,100080,47,Versand,WA-20259
2024-03-03,100098,49,Versand,WA-20260
2024-03-03,100012,42,Produktion,WA-20261
2024-03-03,100038,56,Versand,WA-20262
2024-03-03,100014,48,Produktion,WA-20263
2024-03-03,100028,49,Versand,WA-20264
2024-03-03,100028,17,Versand,WA-20265
2024-03-03,100074,21,Versand,WA-20266
2024-03-03,100031,28,Reparatur,WA-20267
2024-03-04,100001,54,Versand,WA-20268
2024-03-05,100046,24,Produktion,WA-20269
2024-03-05,100077,23,Versand,WA-20270
2024-03-05,100083,53,Produktion,WA-20271
2024-03-06,100021,40,Versand,WA-20272
2024-03-06,100074,22,Produktion,WA-20273
2024-03-07,100026,31,Produktion,WA-20274
2024-03-07,100066,53,Retourenaufbereitung,WA-20275
2024-03-07,100080,6,Versand,WA-20276
2024-03-08,100055,57,Versand,WA-20277
2024-03-08,100091,30,Versand,WA-20278
2024-03-09,100092,6,Reparatur,WA-20279
2024-03-09,100020,24,Versand,WA-20280
2024-03-09,100046,47,Produktion,WA-20281
2024-03-09,100079,69,Versand,WA-20282
2024-03-09,100058,68,Versand,WA-20283
2024-03-09,100083,36,Versand,WA-20284
2024-03-09,100005,57,Retourenaufbereitung,WA-20285
2024-03-10,100018,3,Produktion,WA-20286
2024-03-10,100056,40,Retourenaufbereitung,WA-20287
2024-03-12,100068,8,Versand,WA-20288
2024-03-12,100002,27,Produktion,WA-20289
2024-03-13,100000,19,Produktion,WA-20290
2024-03-13,100057,63,Versand,WA-20291
2024-03-14,100037,14,Reparatur,WA-20292
2024-03-15,100014,8,Retourenaufbereitung,WA-20293
2024-03-15,100033,29,Reparatur,WA-20294
2024-03-15,100060,10,Produktion,WA-20295
2024-03-15,100034,67,Versand,WA-20296
2024-03-15,100063,59,Versand,WA-20297
2024-03-15,100024,42,Retourenaufbereitung,WA-20298
2024-03-16,100023,16,Versand,WA-20299
2024-03-16,100011,37,Produktion,WA-20300
2024-03-16,100017,50,Produktion,WA-20301
2024-03-16,100014,58,Produktion,WA-20302
2024-03-16,100079,51,Retourenaufbereitung,WA-20303
2024-03-18,100026,15,Versand,WA-20304
2024-03-18,100071,63,Versand,WA-20305
2024-03-18,100059,51,Versand,WA-20306
2024-03-18,100045,48,Versand,WA-20307
2024-03-18,100088,64,Versand,WA-20308
2024-03-18,100016,10,Versand,WA-20309
2024-03-20,100092,45,Reparatur,WA-20310
2024-03-20,100052,22,Retourenaufbereitung,WA-20311
2024-03-21,100007,41,Versand,WA-20312
2024-03-21,100078,51,Versand,WA-20313
2024-03-21,100026,66,Retourenaufbereitung,WA-20314
2024-03-21,100045,64,Versand,WA-20315
2024-03-21,100049,56,Versand,WA-20316
2024-03-21,100070,11,Versand,WA-20317
2024-03-22,100002,39,Produktion,WA-20318
2024-03-22,100092,51,Versand,WA-20319
2024-03-22,100063,43,Retourenaufbereitung,WA-20320
2024-03-23,100043,19,Versand,WA-20321
2024-03-23,100052,23,Versand,WA-20322
2024-03-24,100023,53,Versand,WA-20323
2024-03-24,100059,61,Versand,WA-20324
2024-03-24,100002,41,Produktion,WA-20325
2024-03-25,100019,57,Produktion,WA-20326
2024-03-25,100045,43,Produktion,WA-20327
2024-03-26,100014,41,Produktion,WA-20328
2024-03-26,100024,15,Retourenaufbereitung,WA-20329
2024-03-26,100093,66,Reparatur,WA-20330
2024-03-26,100077,13,Produktion,WA-20331
2024-03-26,100070,21,Versand,WA-20332
2024-03-27,100016,13,Versand,WA-20333
2024-03-27,100083,48,Versand,WA-20334
2024-03-28,100099,47,Produktion,WA-20335
2024-03-28,100008,3,Versand,WA-20336
2024-03-29,100037,42,Versand,WA-20337
2024-03-29,100047,21,Reparatur,WA-20338
2024-03-29,100059,63,Reparatur,WA-20339
2024-03-29,100062,14,Retourenaufbereitung,WA-20340
2024-03-29,100085,63,Versand,WA-20341
2024-03-30,100001,35,Produktion,WA-20342
2024-03-30,100087,47,Versand,WA-20343
2024-03-30,100071,10,Versand,WA-20344
2024-03-30,100010,27,Versand,WA-20345
2024-03-30,100063,48,Versand,WA-20346
2024-03-31,100076,32,Versand,WA-20347
2024-04-01,100080,49,Reparatur,WA-20348
2024-04-01,100071,51,Versand,WA-20349
2024-04-01,100020,49,Produktion,WA-20350
2024-04-01,100017,20,Versand,WA-20351
2024-04-01,100093,68,Versand,WA-20352
2024-04-01,100063,35,Versand,WA-20353
2024-04-02,100081,38,Versand,WA-20354
2024-04-02,100094,21,Produktion,WA-20355
2024-04-03,100037,30,Versand,WA-20356
2024-04-03,100031,42,Versand,WA-20357
2024-04-03,100010,17,Versand,WA-20358
2024-04-04,100044,43,Versand,WA-20359
2024-04-04,100088,41,Retourenaufbereitung,WA-20360
2024-04-04,100032,4,Versand,WA-20361
2024-04-04,100040,65,Produktion,WA-20362
2024-04-04,100007,31,Produktion,WA-20363
2024-04-04,100010,68,Retourenaufbereitung,WA-20364
2024-04-04,100085,53,Reparatur,WA-20365
2024-04-05,100050,12,Produktion,WA-20366
2024-04-05,100087,16,Produktion,WA-20367
2024-04-05,100040,53,Reparatur,WA-20368
2024-04-05,100016,41,Versand,WA-20369
2024-04-05,100075,30,Versand,WA-20370
2024-04-05,100045,5,Versand,WA-20371
2024-04-06,100031,29,Reparatur,WA-20372
2024-04-06,100078,4,Reparatur,WA-20373
2024-04-06,100079,40,Versand,WA-20374
2024-04-06,100053,5,Produktion,WA-20375
2024-04-07,100085,18,Versand,WA-20376
2024-04-07,100091,42,Versand,WA-20377
2024-04-07,100019,4,Retourenaufbereitung,WA-20378
2024-04-07,100032,43,Versand,WA-20379
2024-04-07,100073,14,Versand,WA-20380
2024-04-07,100039,37,Produktion,WA-20381
2024-04-07,100031,67,Produktion,WA-20382
2024-04-08,100096,57,Versand,WA-20383
2024-04-08,100001,47,Produktion,WA-20384
2024-04-08,100096,64,Versand,WA-20385
2024-04-08,100032,51,Versand,WA-20386
2024-04-08,100076,27,Versand,WA-20387
2024-04-08,100029,25,Produktion,WA-20388
2024-04-08,100032,26,Versand,WA-20389
2024-04-08,100076,40,Retourenaufbereitung,WA-20390
2024-04-08,100025,30,Reparatur,WA-20391
2024-04-09,100021,23,Retourenaufbereitung,WA-20392
2024-04-09,100065,56,Versand,WA-20393
2024-04-09,100037,20,Retourenaufbereitung,WA-20394
2024-04-09,100089,38,Versand,WA-20395
2024-04-10,100045,47,Versand,WA-20396
2024-04-10,100014,55,Versand,WA-20397
2024-04-10,100097,32,Versand,WA-20398
2024-04-10,100043,62,Produktion,WA-20399
2024-04-10,100048,34,Versand,WA-20400
2024-04-10,100074,69,Versand,WA-20401
2024-04-10,100060,69,Produktion,WA-20402
2024-04-10,100066,30,Versand,WA-20403
2024-04-11,100005,46,Produktion,WA-20404
2024-04-12,100008,43,Versand,WA-20405
2024-04-12,100005,65,Reparatur,WA-20406
2024-04-12,100072,25,Reparatur,WA-20407
2024-04-12,100094,50,Versand,WA-20408
2024-04-12,100031,34,Versand,WA-20409
2024-04-13,100040,59,Versand,WA-20410
2024-04-13,100075,35,Reparatur,WA-20411
2024-04-13,100007,26,Versand,WA-20412
2024-04-13,100071,41,Versand,WA-20413
2024-04-13,100049,36,Versand,WA-20414
2024-04-13,100091,58,Versand,WA-20415
2024-04-13,100061,30,Versand,WA-20416
2024-04-13,100083,39,Reparatur,WA-20417
2024-04-14,100061,9,Versand,WA-20418
2024-04-14,100006,39,Versand,WA-20419
2024-04-15,100074,58,Reparatur,WA-20420
2024-04-15,100083,67,Reparatur,WA-20421
2024-04-15,100079,67,Versand,WA-20422
2024-04-15,100003,49,Versand,WA-20423
2024-04-16,100005,22,Versand,WA-20424
2024-04-16,100057,21,Retourenaufbereitung,WA-20425
2024-04-17,100021,31,Versand,WA-20426
2024-04-17,100025,62,Retourenaufbereitung,WA-20427
2024-04-17,100002,20,Produktion,WA-20428
2024-04-17,100040,37,Versand,WA-20429
2024-04-17,100059,45,Versand,WA-20430
2024-04-18,100013,13,Versand,WA-20431
2024-04-18,100074,51,Versand,WA-20432
2024-04-18,100081,40,Versand,WA-20433
2024-04-19,100011,66,Produktion,WA-20434
2024-04-20,100086,10,Retourenaufbereitung,WA-20435
2024-04-20,100011,36,Produktion,WA-20436
2024-04-20,100012,50,Produktion,WA-20437
2024-04-20,100024,58,Versand,WA-20438
2024-04-20,100044,67,Versand,WA-20439
2024-04-20,100018,33,Versand,WA-20440
2024-04-20,100054,6,Produktion,WA-20441
2024-04-20,100099,52,Retourenaufbereitung,WA-20442
2024-04-21,100044,32,Produktion,WA-20443
2024-04-21,100007,61,Versand,WA-20444
2024-04-21,100092,69,Versand,WA-20445
2024-04-21,100052,47,Produktion,WA-20446
2024-04-21,100054,6,Versand,WA-20447
2024-04-22,100031,28,Reparatur,WA-20448
2024-04-22,100050,29,Reparatur,WA-20449
2024-04-22,100043,48,Produktion,WA-20450
2024-04-22,100081,66,Versand,WA-20451
2024-04-22,100069,53,Versand,WA-20452
2024-04-22,100017,52,Versand,WA-20453
2024-04-22,100082,8,Versand,WA-20454
2024-04-22,100021,61,Versand,WA-20455
2024-04-22,100036,17,Produktion,WA-20456
2024-04-23,100095,32,Produktion,WA-20457
2024-04-23,100055,44,Versand,WA-20458
2024-04-23,100058,39,Versand,WA-20459
2024-04-24,100002,44,Versand,WA-20460
2024-04-24,100027,37,Versand,WA-20461
2024-04-24,100073,8,Reparatur,WA-20462
2024-04-25,100034,20,Versand,WA-20463
2024-04-25,100060,31,Versand,WA-20464
2024-04-25,100092,61,Versand,WA-20465
2024-04-26,100053,49,Reparatur,WA-20466
2024-04-26,100062,19,Produktion,WA-20467
2024-04-26,100078,24,Versand,WA-20468
2024-04-26,100096,39,Versand,WA-20469
2024-04-26,100006,51,Produktion,WA-20470
2024-04-27,100075,15,Retourenaufbereitung,WA-20471
2024-04-27,100048,36,Versand,WA-20472
2024-04-27,100093,55,Reparatur,WA-20473
2024-04-27,100084,53,Retourenaufbereitung,WA-20474
2024-04-27,100030,5,Retourenaufbereitung,WA-20475
2024-04-27,100057,44,Produktion,WA-20476
2024-04-28,100060,34,Produktion,WA-20477
2024-04-28,100023,53,Versand,WA-20478
2024-04-28,100019,48,Produktion,WA-20479
2024-04-29,100036,23,Versand,WA-20480
2024-04-29,100003,46,Produktion,WA-20481
2024-04-29,100091,13,Versand,WA-20482
2024-04-29,100019,3,Produktion,WA-20483
2024-04-30,100059,65,Reparatur,WA-20484
2024-04-30,100023,26,Versand,WA-20485
2024-05-01,100049,15,Reparatur,WA-20486
2024-05-01,100048,13,Versand,WA-20487
2024-05-01,100050,53,Reparatur,WA-20488
2024-05-01,100095,19,Versand,WA-20489
2024-05-01,100035,26,Versand,WA-20490
2024-05-01,100097,21,Retourenaufbereitung,WA-20491
2024-05-01,100099,39,Versand,WA-20492
2024-05-02,100065,10,Reparatur,WA-20493
2024-05-02,100078,30,Versand,WA-20494
2024-05-03,100033,7,Versand,WA-20495
2024-05-03,100035,19,Versand,WA-20496
2024-05-04,100005,38,Produktion,WA-20497
2024-05-04,100038,21,Versand,WA-20498
2024-05-05,100041,66,Versand,WA-20499
2024-05-05,100057,13,Versand,WA-20500
2024-05-05,100011,56,Versand,WA-20501
2024-05-05,100002,47,Retourenaufbereitung,WA-20502
2024-05-05,100017,49,Retourenaufbereitung,WA-20503
2024-05-05,100039,14,Versand,WA-20504
2024-05-06,100020,23,Produktion,WA-20505
2024-05-06,100014,13,Versand,WA-20506
2024-05-06,100096,7,Produktion,WA-20507
2024-05-06,100098,58,Reparatur,WA-20508
2024-05-07,100025,22,Retourenaufbereitung,WA-20509
2024-05-07,100007,43,Versand,WA-20510
2024-05-07,100099,48,Produktion,WA-20511
2024-05-07,100093,14,Versand,WA-20512
2024-05-07,100086,19,Retourenaufbereitung,WA-20513
2024-05-07,100041,21,Versand,WA-20514
2024-05-07,100043,28,Produktion,WA-20515
2024-05-08,100013,50,Produktion,WA-20516
2024-05-08,100077,54,Produktion,WA-20517
2024-05-08,100001,57,Versand,WA-20518
2024-05-08,100036,35,Retourenaufbereitung,WA-20519
2024-05-09,100068,64,Versand,WA-20520
2024-05-09,100037,25,Produktion,WA-20521
2024-05-09,100040,17,Versand,WA-20522
2024-05-09,100061,29,Versand,WA-20523
2024-05-09,100059,66,Versand,WA-20524
2024-05-10,100013,53,Versand,WA-20525
2024-05-10,100088,55,Versand,WA-20526
2024-05-10,100083,53,Versand,WA-20527
2024-05-10,100001,49,Versand,WA-20528
2024-05-10,100069,6,Produktion,WA-20529
2024-05-10,100016,9,Reparatur,WA-20530
2024-05-10,100088,37,Versand,WA-20531
2024-05-11,100027,50,Versand,WA-20532
2024-05-11,100065,47,Versand,WA-20533
2024-05-11,100034,21,Versand,WA-20534
2024-05-12,100004,65,Produktion,WA-20535
2024-05-12,100064,40,Produktion,WA-20536
2024-05-12,100039,69,Versand,WA-20537
2024-05-12,100075,61,Versand,WA-20538
2024-05-12,100055,15,Versand,WA-20539
2024-05-12,100035,49,Reparatur,WA-20540
2024-05-13,100044,63,Retourenaufbereitung,WA-20541
2024-05-13,100022,33,Versand,WA-20542
2024-05-13,100046,24,Versand,WA-20543
2024-05-13,100030,45,Reparatur,WA-20544
2024-05-13,100010,69,Retourenaufbereitung,WA-20545
2024-05-13,100009,56,Versand,WA-20546
2024-05-14,100066,12,Versand,WA-20547
2024-05-14,100013,44,Versand,WA-20548
2024-05-14,100079,66,Produktion,WA-20549
2024-05-15,100073,23,Versand,WA-20550
2024-05-15,100092,68,Versand,WA-20551
2024-05-15,100009,43,Produktion,WA-20552
2024-05-15,100075,26,Versand,WA-20553
2024-05-16,100093,37,Produktion,WA-20554
2024-05-16,100000,58,Versand,WA-20555
2024-05-16,100004,32,Versand,WA-20556
2024-05-16,100019,59,Produktion,WA-20557
2024-05-16,100007,49,Versand,WA-20558
2024-05-17,100042,37,Retourenaufbereitung,WA-20559
2024-05-17,100075,21,Versand,WA-20560
2024-05-18,100000,10,Versand,WA-20561
2024-05-18,100056,28,Produktion,WA-20562
2024-05-19,100063,32,Versand,WA-20563
2024-05-19,100083,9,Retourenaufbereitung,WA-20564
2024-05-20,100027,69,Versand,WA-20565
2024-05-20,100036,67,Versand,WA-20566
2024-05-20,100046,38,Versand,WA-20567
2024-05-20,100075,27,Versand,WA-20568
2024-05-20,100036,39,Reparatur,WA-20569
2024-05-21,100048,3,Reparatur,WA-20570
2024-05-21,100043,17,Versand,WA-20571
2024-05-22,100055,39,Versand,WA-20572
2024-05-22,100027,15,Reparatur,WA-20573
2024-05-22,100078,10,Retourenaufbereitung,WA-20574
2024-05-22,100005,7,Versand,WA-20575
2024-05-22,100060,62,Versand,WA-20576
2024-05-23,100019,3,Versand,WA-20577
2024-05-23,100077,38,Reparatur,WA-20578
2024-05-23,100001,37,Versand,WA-20579
2024-05-23,100072,68,Versand,WA-20580
2024-05-23,100036,65,Produktion,WA-20581
2024-05-23,100019,25,Versand,WA-20582
2024-05-23,100025,11,Versand,WA-20583
2024-05-23,100028,36,Versand,WA-20584
2024-05-24,100000,48,Versand,WA-20585
2024-05-24,100034,6,Versand,WA-20586
2024-05-24,100069,32,Versand,WA-20587
2024-05-24,100058,5,Versand,WA-20588
2024-05-24,100068,16,Produktion,WA-20589
2024-05-24,100032,62,Reparatur,WA-20590
2024-05-25,100050,47,Produktion,WA-20591
2024-05-25,100077,36,Versand,WA-20592
2024-05-25,100011,47,Versand,WA-20593
2024-05-25,100019,63,Versand,WA-20594
2024-05-26,100052,18,Versand,WA-20595
2024-05-26,100087,68,Versand,WA-20596
2024-05-26,100042,42,Produktion,WA-20597
2024-05-26,100097,19,Versand,WA-20598
2024-05-26,100088,36,Versand,WA-20599
2024-05-26,100049,18,Versand,WA-20600
2024-05-26,100028,62,Produktion,WA-20601
2024-05-27,100056,68,Versand,WA-20602
2024-05-27,100038,68,Produktion,WA-20603
2024-05-27,100094,15,Versand,WA-20604
2024-05-27,100055,58,Reparatur,WA-20605
2024-05-27,100042,33,Reparatur,WA-20606
2024-05-27,100049,36,Versand,WA-20607
2024-05-28,100022,41,Versand,WA-20608
2024-05-28,100043,69,Versand,WA-20609
2024-05-28,100037,10,Versand,WA-20610
2024-05-28,100083,57,Produktion,WA-20611
2024-05-29,100022,29,Reparatur,WA-20612
2024-05-29,100044,55,Produktion,WA-20613
2024-05-29,100051,41,Reparatur,WA-20614
2024-05-29,100079,67,Versand,WA-20615
2024-05-30,100049,19,Versand,WA-20616
2024-05-30,100007,32,Produktion,WA-20617
2024-05-30,100084,55,Versand,WA-20618
2024-05-30,100000,15,Produktion,WA-20619
2024-05-30,100007,23,Versand,WA-20620
2024-05-30,100028,21,Versand,WA-20621
2024-05-31,100095,55,Retourenaufbereitung,WA-20622
2024-05-31,100004,21,Versand,WA-20623
2024-05-31,100085,59,Retourenaufbereitung,WA-20624
2024-05-31,100046,27,Retourenaufbereitung,WA-20625
2024-05-31,100033,33,Produktion,WA-20626
2024-05-31,100064,57,Produktion,WA-20627
2024-05-31,100054,25,Produktion,WA-20628
2024-05-31,100089,34,Reparatur,WA-20629
2024-05-31,100042,64,Versand,WA-20630
2024-06-01,100073,12,Versand,WA-20631
2024-06-01,100029,56,Produktion,WA-20632
2024-06-01,100081,54,Versand,WA-20633
2024-06-01,100016,22,Versand,WA-20634
2024-06-02,100025,34,Versand,WA-20635
2024-06-02,100007,16,Produktion,WA-20636
2024-06-02,100046,52,Reparatur,WA-20637
2024-06-02,100075,30,Versand,WA-20638
2024-06-02,100090,55,Retourenaufbereitung,WA-20639
2024-06-02,100071,26,Produktion,WA-20640
2024-06-02,100088,24,Reparatur,WA-20641
2024-06-03,100045,32,Produktion,WA-20642
2024-06-03,100067,65,Produktion,WA-20643
2024-06-04,100032,6,Versand,WA-20644
2024-06-04,100000,61,Reparatur,WA-20645
2024-06-05,100018,10,Versand,WA-20646
2024-06-05,100030,14,Reparatur,WA-20647
2024-06-05,100079,33,Retourenaufbereitung,WA-20648
2024-06-05,100013,36,Versand,WA-20649
2024-06-05,100052,51,Versand,WA-20650
2024-06-06,100047,59,Produktion,WA-20651
2024-06-06,100068,28,Versand,WA-20652
2024-06-06,100089,20,Reparatur,WA-20653
2024-06-06,100061,40,Versand,WA-20654
2024-06-06,100091,52,Versand,WA-20655
2024-06-07,100065,10,Retourenaufbereitung,WA-20656
2024-06-07,100063,43,Produktion,WA-20657
2024-06-08,100069,8,Reparatur,WA-20658
2024-06-08,100062,46,Versand,WA-20659
2024-06-08,100072,66,Produktion,WA-20660
2024-06-08,100032,31,Produktion,WA-20661
2024-06-08,100040,30,Produktion,WA-20662
2024-06-08,100088,13,Produktion,WA-20663
2024-06-08,100047,67,Produktion,WA-20664
2024-06-09,100012,21,Versand,WA-20665
2024-06-09,100072,11,Versand,WA-20666
2024-06-09,100076,29,Produktion,WA-20667
2024-06-09,100030,36,Versand,WA-20668
2024-06-09,100074,46,Produktion,WA-20669
2024-06-09,100067,17,Versand,WA-20670
2024-06-09,100097,53,Produktion,WA-20671
2024-06-09,100003,15,Produktion,WA-20672
2024-06-10,100018,51,Versand,WA-20673
2024-06-10,100069,58,Versand,WA-20674
2024-06-10,100097,53,Versand,WA-20675
2024-06-11,100081,39,Produktion,WA-20676
2024-06-11,100012,19,Reparatur,WA-20677
2024-06-11,100022,60,Versand,WA-20678
2024-06-11,100082,31,Produktion,WA-20679
2024-06-12,100074,35,Versand,WA-20680
2024-06-12,100000,62,Versand,WA-20681
2024-06-12,100087,57,Retourenaufbereitung,WA-20682
2024-06-12,100053,12,Versand,WA-20683
2024-06-13,100070,49,Versand,WA-20684
2024-06-13,100088,25,Versand,WA-20685
2024-06-13,100084,23,Versand,WA-20686
2024-06-13,100014,15,Versand,WA-20687
2024-06-13,100064,35,Versand,WA-20688
2024-06-13,100075,26,Produktion,WA-20689
2024-06-14,100070,13,Versand,WA-20690
2024-06-14,100014,19,Versand,WA-20691
2024-06-15,100020,49,Versand,WA-20692
2024-06-15,100018,27,Versand,WA-20693
2024-06-16,100059,23,Produktion,WA-20694
2024-06-16,100092,14,Retourenaufbereitung,WA-20695
2024-06-16,100088,39,Versand,WA-20696
2024-06-16,100032,44,Reparatur,WA-20697
2024-06-17,100048,19,Produktion,WA-20698
2024-06-18,100095,50,Produktion,WA-20699
2024-06-18,100034,30,Versand,WA-20700
2024-06-18,100043,43,Versand,WA-20701
2024-06-18,100089,49,Versand,WA-20702
2024-06-18,100010,20,Produktion,WA-20703
2024-06-18,100098,15,Versand,WA-20704
2024-06-18,100071,15,Retourenaufbereitung,WA-20705
2024-06-19,100077,33,Versand,WA-20706
2024-06-19,100073,4,Versand,WA-20707
2024-06-19,100065,18,Produktion,WA-20708
2024-06-20,100045,11,Versand,WA-20709
2024-06-20,100008,40,Versand,WA-20710
2024-06-20,100002,56,Produktion,WA-20711
2024-06-20,100084,58,Retourenaufbereitung,WA-20712
2024-06-20,100025,47,Produktion,WA-20713
2024-06-20,100071,36,Produktion,WA-20714
2024-06-21,100047,11,Produktion,WA-20715
2024-06-21,100065,10,Retourenaufbereitung,WA-20716
2024-06-21,100069,9,Versand,WA-20717
2024-06-21,100027,38,Versand,WA-20718
2024-06-21,100092,20,Versand,WA-20719
2024-06-21,100025,5,Versand,WA-20720
2024-06-21,100024,30,Produktion,WA-20721
2024-06-21,100011,46,Produktion,WA-20722
2024-06-22,100004,23,Produktion,WA-20723
2024-06-22,100097,30,Versand,WA-20724
2024-06-23,100047,56,Produktion,WA-20725
2024-06-23,100036,56,Versand,WA-20726
2024-06-24,100078,67,Produktion,WA-20727
2024-06-24,100043,23,Produktion,WA-20728
2024-06-24,100099,15,Versand,WA-20729
2024-06-25,100014,59,Versand,WA-20730
2024-06-25,100042,51,Versand,WA-20731
2024-06-25,100047,56,Reparatur,WA-20732
2024-06-25,100086,12,Retourenaufbereitung,WA-20733
2024-06-25,100069,55,Produktion,WA-20734
2024-06-25,100045,46,Versand,WA-20735
2024-06-26,100042,49,Versand,WA-20736
2024-06-26,100020,55,Produktion,WA-20737
2024-06-26,100022,48,Produktion,WA-20738
2024-06-26,100079,15,Versand,WA-20739
2024-06-27,100046,39,Versand,WA-20740
2024-06-27,100014,26,Produktion,WA-20741
2024-06-27,100024,4,Versand,WA-20742
2024-06-27,100035,16,Versand,WA-20743
2024-06-27,100074,12,Versand,WA-20744
2024-06-28,100050,37,Versand,WA-20745
2024-06-28,100014,27,Reparatur,WA-20746
2024-06-28,100067,5,Retourenaufbereitung,WA-20747
2024-06-28,100020,19,Produktion,WA-20748
2024-06-28,100012,14,Versand,WA-20749
2024-06-28,100085,56,Versand,WA-20750
2024-06-29,100018,26,Versand,WA-20751
2024-06-29,100033,31,Versand,WA-20752
2024-06-29,100077,45,Produktion,WA-20753
2024-06-30,100067,27,Versand,WA-20754
2024-06-30,100051,62,Versand,WA-20755
2024-06-30,100026,67,Versand,WA-20756
2024-06-30,100028,30,Versand,WA-20757
2024-07-01,100027,18,Versand,WA-20758
2024-07-01,100034,49,Versand,WA-20759
2024-07-01,100007,60,Retourenaufbereitung,WA-20760
2024-07-02,100015,29,Versand,WA-20761
2024-07-02,100035,55,Versand,WA-20762
2024-07-02,100029,44,Reparatur,WA-20763
2024-07-02,100017,61,Retourenaufbereitung,WA-20764
2024-07-03,100001,49,Produktion,WA-20765
2024-07-04,100048,36,Reparatur,WA-20766
2024-07-04,100076,39,Versand,WA-20767
2024-07-04,100003,8,Versand,WA-20768
2024-07-05,100089,9,Versand,WA-20769
2024-07-05,100088,27,Produktion,WA-20770
2024-07-05,100093,35,Produktion,WA-20771
2024-07-05,100074,57,Versand,WA-20772
2024-07-05,100006,60,Versand,WA-20773
2024-07-05,100094,9,Produktion,WA-20774
2024-07-06,100073,59,Versand,WA-20775
2024-07-06,100038,14,Produktion,WA-20776
2024-07-06,100012,18,Produktion,WA-20777
2024-07-06,100030,45,Produktion,WA-20778
2024-07-06,100070,9,Produktion,WA-20779
2024-07-07,100062,53,Reparatur,WA-20780
2024-07-07,100055,34,Versand,WA-20781
2024-07-07,100041,10,Produktion,WA-20782
2024-07-08,100060,47,Produktion,WA-20783
2024-07-08,100041,61,Versand,WA-20784
2024-07-08,100055,6,Versand,WA-20785
2024-07-08,100035,69,Versand,WA-20786
2024-07-08,100083,31,Versand,WA-20787
2024-07-08,100067,31,Produktion,WA-20788
2024-07-08,100006,30,Reparatur,WA-20789
2024-07-09,100053,46,Versand,WA-20790
2024-07-09,100000,6,Versand,WA-20791
2024-07-09,100043,11,Retourenaufbereitung,WA-20792
2024-07-10,100044,7,Versand,WA-20793
2024-07-10,100046,58,Versand,WA-20794
2024-07-10,100012,52,Produktion,WA-20795
2024-07-10,100021,17,Versand,WA-20796
2024-07-10,100020,34,Versand,WA-20797
2024-07-10,100085,30,Versand,WA-20798
2024-07-10,100091,24,Versand,WA-20799
2024-07-11,100008,19,Produktion,WA-20800
2024-07-12,100025,61,Versand,WA-20801
2024-07-12,100008,59,Versand,WA-20802
2024-07-12,100014,28,Produktion,WA-20803
2024-07-12,100009,27,Reparatur,WA-20804
2024-07-13,100087,12,Versand,WA-20805
2024-07-13,100041,47,Versand,WA-20806
2024-07-13,100071,13,Produktion,WA-20807
2024-07-13,100023,55,Versand,WA-20808
2024-07-14,100079,30,Versand,WA-20809
2024-07-14,100048,67,Produktion,WA-20810
2024-07-14,100025,51,Reparatur,WA-20811
2024-07-15,100090,49,Reparatur,WA-20812
2024-07-15,100036,54,Produktion,WA-20813
2024-07-15,100067,56,Produktion,WA-20814
2024-07-16,100049,62,Versand,WA-20815
2024-07-16,100023,59,Produktion,WA-20816
2024-07-16,100018,49,Versand,WA-20817
2024-07-16,100099,33,Versand,WA-20818
2024-07-16,100059,48,Produktion,WA-20819
2024-07-16,100038,28,Produktion,WA-20820
2024-07-16,100073,7,Versand,WA-20821
2024-07-17,100088,54,Retourenaufbereitung,WA-20822
2024-07-17,100017,56,Versand,WA-20823
2024-07-18,100018,35,Versand,WA-20824
2024-07-18,100035,52,Versand,WA-20825
2024-07-19,100073,40,Produktion,WA-20826
2024-07-19,100096,29,Produktion,WA-20827
2024-07-19,100054,17,Versand,WA-20828
2024-07-19,100068,63,Produktion,WA-20829
2024-07-19,100046,23,Versand,WA-20830
2024-07-19,100048,48,Produktion,WA-20831
2024-07-20,100098,8,Versand,WA-20832
2024-07-20,100097,40,Versand,WA-20833
2024-07-20,100032,64,Retourenaufbereitung,WA-20834
2024-07-20,100020,64,Versand,WA-20835
2024-07-20,100080,48,Versand,WA-20836
2024-07-20,100021,15,Produktion,WA-20837
2024-07-21,100047,5,Retourenaufbereitung,WA-20838
2024-07-21,100036,8,Versand,WA-20839
2024-07-21,100014,10,Versand,WA-20840
2024-07-22,100034,46,Versand,WA-20841
2024-07-23,100091,35,Versand,WA-20842
2024-07-23,100070,52,Versand,WA-20843
2024-07-24,100031,13,Produktion,WA-20844
2024-07-24,100010,30,Retourenaufbereitung,WA-20845
2024-07-25,100009,43,Versand,WA-20846
2024-07-25,100072,18,Versand,WA-20847
2024-07-25,100077,50,Versand,WA-20848
2024-07-26,100076,58,Versand,WA-20849
2024-07-26,100056,66,Reparatur,WA-20850
2024-07-26,100024,61,Versand,WA-20851
2024-07-27,100001,64,Versand,WA-20852
2024-07-27,100063,13,Produktion,WA-20853
2024-07-28,100034,20,Versand,WA-20854
2024-07-28,100006,21,Produktion,WA-20855
2024-07-28,100084,57,Versand,WA-20856
2024-07-29,100017,28,Reparatur,WA-20857
2024-07-30,100066,8,Retourenaufbereitung,WA-20858
2024-07-30,100041,6,Produktion,WA-20859
2024-07-30,100038,31,Retourenaufbereitung,WA-20860
2024-07-31,100040,61,Versand,WA-20861
2024-07-31,100074,19,Versand,WA-20862
2024-07-31,100023,45,Produktion,WA-20863
2024-08-01,100059,68,Produktion,WA-20864
2024-08-01,100045,36,Versand,WA-20865
2024-08-01,100018,10,Versand,WA-20866
2024-08-01,100067,15,Versand,WA-20867
2024-08-02,100089,10,Versand,WA-20868
2024-08-02,100041,67,Versand,WA-20869
2024-08-02,100031,45,Produktion,WA-20870
2024-08-02,100038,41,Versand,WA-20871
2024-08-02,100035,61,Versand,WA-20872
2024-08-02,100096,46,Produktion,WA-20873
2024-08-02,100035,11,Produktion,WA-20874
2024-08-02,100002,39,Reparatur,WA-20875
2024-08-02,100072,38,Produktion,WA-20876
2024-08-02,100007,30,Versand,WA-20877
2024-08-03,100096,44,Reparatur,WA-20878
2024-08-03,100069,45,Versand,WA-20879
2024-08-03,100040,44,Versand,WA-20880
2024-08-03,100067,68,Produktion,WA-20881
2024-08-04,100012,57,Retourenaufbereitung,WA-20882
2024-08-04,100048,50,Versand,WA-20883
2024-08-04,100059,24,Versand,WA-20884
2024-08-04,100001,29,Versand,WA-20885
2024-08-04,100059,69,Versand,WA-20886
2024-08-04,100004,15,Versand,WA-20887
2024-08-04,100043,47,Produktion,WA-20888
2024-08-05,100026,12,Versand,WA-20889
2024-08-05,100031,11,Retourenaufbereitung,WA-20890
2024-08-05,100020,56,Produktion,WA-20891
2024-08-05,100007,29,Produktion,WA-20892
2024-08-05,100071,36,Reparatur,WA-20893
2024-08-05,100049,3,Versand,WA-20894
2024-08-06,100066,34,Versand,WA-20895
2024-08-07,100043,69,Produktion,WA-20896
2024-08-07,100057,22,Reparatur,WA-20897
2024-08-07,100002,37,Produktion,WA-20898
2024-08-07,100085,19,Versand,WA-20899
2024-08-07,100069,20,Retourenaufbereitung,WA-20900
2024-08-07,100001,47,Versand,WA-20901
2024-08-07,100086,55,Reparatur,WA-20902
2024-08-08,100043,67,Retourenaufbereitung,WA-20903
2024-08-09,100001,3,Versand,WA-20904
2024-08-09,100080,60,Produktion,WA-20905
2024-08-09,100034,28,Versand,WA-20906
2024-08-09,100097,22,Versand,WA-20907
2024-08-09,100086,12,Versand,WA-20908
2024-08-10,100029,61,Produktion,WA-20909
2024-08-10,100007,43,Retourenaufbereitung,WA-20910
2024-08-10,100021,7,Produktion,WA-20911
2024-08-10,100043,67,Versand,WA-20912
2024-08-10,100057,19,Reparatur,WA-20913
2024-08-10,100035,24,Retourenaufbereitung,WA-20914
2024-08-10,100068,43,Versand,WA-20915
2024-08-11,100076,13,Retourenaufbereitung,WA-20916
2024-08-11,100092,58,Versand,WA-20917
2024-08-11,100030,53,Reparatur,WA-20918
2024-08-11,100046,23,Versand,WA-20919
2024-08-11,100054,28,Versand,WA-20920
2024-08-11,100079,21,Versand,WA-20921
2024-08-12,100061,62,Produktion,WA-20922
2024-08-12,100029,49,Versand,WA-20923
2024-08-12,100054,28,Versand,WA-20924
2024-08-12,100015,42,Produktion,WA-20925
2024-08-12,100011,7,Retourenaufbereitung,WA-20926
2024-08-13,100016,23,Versand,WA-20927
2024-08-13,100015,6,Versand,WA-20928
2024-08-13,100011,25,Versand,WA-20929
2024-08-13,100007,17,Versand,WA-20930
2024-08-14,100083,10,Reparatur,WA-20931
2024-08-14,100002,43,Reparatur,WA-20932
2024-08-14,100015,21,Produktion,WA-20933
2024-08-14,100029,48,Versand,WA-20934
2024-08-14,100022,30,Produktion,WA-20935
2024-08-14,100091,17,Produktion,WA-20936
2024-08-14,100004,39,Reparatur,WA-20937
2024-08-14,100083,3,Produktion,WA-20938
2024-08-15,100064,69,Produktion,WA-20939
2024-08-15,100029,26,Produktion,WA-20940
2024-08-15,100020,29,Versand,WA-20941
2024-08-16,100083,42,Retourenaufbereitung,WA-20942
2024-08-16,100069,65,Versand,WA-20943
2024-08-16,100021,63,Produktion,WA-20944
2024-08-16,100081,38,Versand,WA-20945
2024-08-16,100071,26,Produktion,WA-20946
2024-08-16,100031,26,Produktion,WA-20947
2024-08-16,100032,6,Versand,WA-20948
2024-08-16,100015,69,Versand,WA-20949
2024-08-17,100075,36,Produktion,WA-20950
2024-08-17,100037,59,Produktion,WA-20951
2024-08-18,100097,51,Versand,WA-20952
2024-08-18,100013,55,Versand,WA-20953
2024-08-18,100035,25,Produktion,WA-20954
2024-08-18,100096,55,Versand,WA-20955
2024-08-18,100022,64,Versand,WA-20956
2024-08-18,100065,43,Versand,WA-20957
2024-08-19,100084,59,Versand,WA-20958
2024-08-20,100001,62,Versand,WA-20959
2024-08-20,100090,56,Versand,WA-20960
2024-08-20,100072,59,Versand,WA-20961
2024-08-20,100064,12,Versand,WA-20962
2024-08-20,100074,42,Versand,WA-20963
2024-08-20,100066,9,Versand,WA-20964
2024-08-20,100051,40,Versand,WA-20965
2024-08-20,100061,63,Reparatur,WA-20966
2024-08-21,100022,5,Versand,WA-20967
2024-08-21,100025,53,Versand,WA-20968
2024-08-22,100067,49,Versand,WA-20969
2024-08-22,100081,40,Versand,WA-20970
2024-08-22,100054,38,Produktion,WA-20971
2024-08-23,100005,43,Produktion,WA-20972
2024-08-23,100034,15,Reparatur,WA-20973
2024-08-23,100021,60,Produktion,WA-20974
2024-08-23,100042,52,Retourenaufbereitung,WA-20975
2024-08-24,100014,32,Versand,WA-20976
2024-08-24,100085,64,Versand,WA-20977
2024-08-24,100059,27,Versand,WA-20978
2024-08-24,100011,29,Versand,WA-20979
2024-08-24,100048,53,Versand,WA-20980
2024-08-24,100041,59,Produktion,WA-20981
2024-08-25,100037,49,Versand,WA-20982
2024-08-25,100081,41,Retourenaufbereitung,WA-20983
2024-08-25,100044,18,Reparatur,WA-20984
2024-08-26,100034,24,Versand,WA-20985
2024-08-26,100029,56,Versand,WA-20986
2024-08-26,100087,23,Versand,WA-20987
2024-08-26,100029,18,Versand,WA-20988
2024-08-26,100077,61,Versand,WA-20989
2024-08-26,100005,33,Versand,WA-20990
2024-08-26,100066,44,Versand,WA-20991
2024-08-27,100079,34,Versand,WA-20992
2024-08-27,100006,61,Retourenaufbereitung,WA-20993
2024-08-27,100051,36,Produktion,WA-20994
2024-08-28,100013,11,Retourenaufbereitung,WA-20995
2024-08-29,100072,13,Versand,WA-20996
2024-08-29,100014,12,Versand,WA-20997
2024-08-29,100020,19,Produktion,WA-20998
2024-08-29,100034,50,Versand,WA-20999
2024-08-30,100065,54,Versand,WA-21000
2024-08-30,100090,27,Produktion,WA-21001
2024-08-30,100001,23,Produktion,WA-21002
2024-08-31,100034,67,Versand,WA-21003
2024-08-31,100081,65,Versand,WA-21004
2024-08-31,100077,53,Versand,WA-21005
2024-09-02,100019,38,Versand,WA-21006
2024-09-02,100081,68,Versand,WA-21007
2024-09-02,100009,17,Versand,WA-21008
2024-09-02,100024,41,Versand,WA-21009
2024-09-03,100065,3,Retourenaufbereitung,WA-21010
2024-09-03,100024,25,Produktion,WA-21011
2024-09-03,100053,41,Produktion,WA-21012
2024-09-03,100032,59,Versand,WA-21013
2024-09-03,100035,36,Versand,WA-21014
2024-09-03,100094,43,Versand,WA-21015
2024-09-03,100013,15,Versand,WA-21016
2024-09-03,100064,8,Versand,WA-21017
2024-09-05,100079,54,Produktion,WA-21018
2024-09-05,100053,5,Produktion,WA-21019
2024-09-05,100051,65,Versand,WA-21020
2024-09-05,100002,51,Versand,WA-21021
2024-09-05,100098,49,Retourenaufbereitung,WA-21022
2024-09-06,100040,57,Versand,WA-21023
2024-09-06,100005,66,Versand,WA-21024
2024-09-06,100024,67,Versand,WA-21025
2024-09-06,100012,69,Produktion,WA-21026
2024-09-06,100097,17,Retourenaufbereitung,WA-21027
2024-09-07,100007,34,Versand,WA-21028
2024-09-07,100020,20,Reparatur,WA-21029
2024-09-07,100097,45,Reparatur,WA-21030
2024-09-07,100067,37,Versand,WA-21031
2024-09-08,100024,60,Versand,WA-21032
2024-09-08,100078,35,Versand,WA-21033
2024-09-08,100067,16,Retourenaufbereitung,WA-21034
2024-09-08,100044,36,Versand,WA-21035
2024-09-08,100059,63,Produktion,WA-21036
2024-09-08,100011,6,Versand,WA-21037
2024-09-08,100031,61,Produktion,WA-21038
2024-09-09,100095,31,Versand,WA-21039
2024-09-09,100091,8,Produktion,WA-21040
2024-09-09,100012,51,Reparatur,WA-21041
2024-09-09,100030,42,Reparatur,WA-21042
2024-09-09,100077,67,Reparatur,WA-21043
2024-09-09,100019,29,Versand,WA-21044
2024-09-10,100017,8,Produktion,WA-21045
2024-09-10,100092,15,Versand,WA-21046
2024-09-10,100059,66,Versand,WA-21047
2024-09-10,100062,64,Versand,WA-21048
2024-09-10,100005,21,Versand,WA-21049
2024-09-11,100031,45,Versand,WA-21050
2024-09-11,100092,22,Retourenaufbereitung,WA-21051
2024-09-11,100042,46,Versand,WA-21052
2024-09-11,100001,25,Produktion,WA-21053
2024-09-12,100059,4,Versand,WA-21054
2024-09-12,100022,24,Versand,WA-21055
2024-09-12,100082,59,Versand,WA-21056
2024-09-13,100030,9,Retourenaufbereitung,WA-21057
2024-09-13,100004,58,Reparatur,WA-21058
2024-09-13,100082,69,Retourenaufbereitung,WA-21059
2024-09-13,100033,18,Retourenaufbereitung,WA-21060
2024-09-13,100009,53,Versand,WA-21061
2024-09-13,100088,14,Versand,WA-21062
2024-09-14,100001,55,Produktion,WA-21063
2024-09-14,100010,7,Versand,WA-21064
2024-09-15,100049,29,Versand,WA-21065
2024-09-15,100030,14,Versand,WA-21066
2024-09-15,100055,19,Produktion,WA-21067
2024-09-15,100078,8,Produktion,WA-21068
2024-09-15,100072,7,Versand,WA-21069
2024-09-15,100086,59,Versand,WA-21070
2024-09-16,100082,30,Produktion,WA-21071
2024-09-16,100008,61,Produktion,WA-21072
2024-09-17,100098,35,Versand,WA-21073
2024-09-17,100020,64,Produktion,WA-21074
2024-09-17,100072,52,Versand,WA-21075
2024-09-17,100027,21,Versand,WA-21076
2024-09-18,100061,68,Produktion,WA-21077
2024-09-18,100006,49,Produktion,WA-21078
2024-09-19,100079,41,Versand,WA-21079
2024-09-19,100015,35,Produktion,WA-21080
2024-09-20,100096,15,Produktion,WA-21081
2024-09-20,100003,56,Produktion,WA-21082
2024-09-20,100003,9,Produktion,WA-21083
2024-09-20,100039,16,Produktion,WA-21084
2024-09-20,100016,21,Versand,WA-21085
2024-09-20,100051,56,Versand,WA-21086
2024-09-20,100092,22,Versand,WA-21087
2024-09-20,100051,31,Versand,WA-21088
2024-09-20,100035,26,Produktion,WA-21089
2024-09-21,100037,65,Versand,WA-21090
2024-09-21,100049,59,Versand,WA-21091
2024-09-21,100062,10,Versand,WA-21092
2024-09-22,100062,64,Versand,WA-21093
2024-09-22,100061,31,Versand,WA-21094
2024-09-23,100098,19,Produktion,WA-21095
2024-09-23,100006,68,Versand,WA-21096
2024-09-23,100026,8,Produktion,WA-21097
2024-09-23,100091,60,Retourenaufbereitung,WA-21098
2024-09-23,100085,30,Versand,WA-21099
2024-09-24,100013,64,Versand,WA-21100
2024-09-24,100070,43,Versand,WA-21101
2024-09-24,100085,43,Produktion,WA-21102
2024-09-24,100004,51,Produktion,WA-21103
2024-09-24,100054,51,Versand,WA-21104
2024-09-24,100001,5,Versand,WA-21105
2024-09-24,100061,12,Reparatur,WA-21106
2024-09-25,100090,37,Versand,WA-21107
2024-09-25,100020,4,Versand,WA-21108
2024-09-26,100078,26,Reparatur,WA-21109
2024-09-26,100020,40,Produktion,WA-21110
2024-09-26,100009,24,Reparatur,WA-21111
2024-09-27,100086,28,Produktion,WA-21112
2024-09-27,100057,45,Reparatur,WA-21113
2024-09-27,100038,57,Versand,WA-21114
2024-09-27,100004,41,Produktion,WA-21115
2024-09-28,100064,31,Retourenaufbereitung,WA-21116
2024-09-28,100012,22,Produktion,WA-21117
2024-09-29,100084,43,Versand,WA-21118
2024-09-29,100089,56,Versand,WA-21119
2024-09-29,100084,22,Versand,WA-21120
2024-09-29,100052,21,Versand,WA-21121
2024-09-29,100081,68,Versand,WA-21122
2024-09-29,100044,32,Produktion,WA-21123
2024-09-30,100031,55,Produktion,WA-21124
2024-09-30,100035,36,Versand,WA-21125
2024-10-01,100080,24,Produktion,WA-21126
2024-10-01,100098,69,Versand,WA-21127
2024-10-01,100059,8,Versand,WA-21128
2024-10-01,100010,29,Versand,WA-21129
2024-10-03,100062,12,Versand,WA-21130
2024-10-03,100020,50,Versand,WA-21131
2024-10-03,100051,61,Versand,WA-21132
2024-10-03,100054,61,Versand,WA-21133
2024-10-03,100025,4,Reparatur,WA-21134
2024-10-03,100067,31,Versand,WA-21135
2024-10-04,100033,67,Produktion,WA-21136
2024-10-04,100051,28,Produktion,WA-21137
2024-10-05,100081,12,Produktion,WA-21138
2024-10-05,100098,55,Retourenaufbereitung,WA-21139
2024-10-06,100092,61,Versand,WA-21140
2024-10-06,100051,24,Versand,WA-21141
2024-10-06,100028,53,Reparatur,WA-21142
2024-10-06,100037,50,Versand,WA-21143
2024-10-06,100041,23,Produktion,WA-21144
2024-10-06,100020,24,Produktion,WA-21145
2024-10-07,100041,32,Produktion,WA-21146
2024-10-07,100012,27,Retourenaufbereitung,WA-21147
2024-10-07,100063,30,Retourenaufbereitung,WA-21148
2024-10-08,100016,67,Produktion,WA-21149
2024-10-08,100008,47,Versand,WA-21150
2024-10-08,100040,9,Reparatur,WA-21151
2024-10-08,100000,51,Versand,WA-21152
2024-10-08,100001,11,Versand,WA-21153
2024-10-08,100059,38,Reparatur,WA-21154
2024-10-09,100047,3,Versand,WA-21155
2024-10-09,100028,12,Versand,WA-21156
2024-10-09,100096,38,Versand,WA-21157
2024-10-09,100009,48,Reparatur,WA-21158
2024-10-09,100057,34,Versand,WA-21159
2024-10-09,100059,34,Produktion,WA-21160
2024-10-10,100020,8,Versand,WA-21161
2024-10-10,100027,50,Produktion,WA-21162
2024-10-10,100074,40,Produktion,WA-21163
2024-10-10,100033,19,Versand,WA-21164
2024-10-11,100007,29,Versand,WA-21165
2024-10-11,100058,56,Versand,WA-21166
2024-10-11,100085,52,Retourenaufbereitung,WA-21167
2024-10-11,100071,37,Produktion,WA-21168
2024-10-11,100048,27,Retourenaufbereitung,WA-21169
2024-10-11,100078,30,Versand,WA-21170
2024-10-12,100016,17,Produktion,WA-21171
2024-10-12,100059,6,Produktion,WA-21172
2024-10-12,100086,29,Produktion,WA-21173
2024-10-12,100087,28,Retourenaufbereitung,WA-21174
2024-10-12,100044,21,Versand,WA-21175
2024-10-12,100082,19,Versand,WA-21176
2024-10-12,100068,45,Produktion,WA-21177
2024-10-13,100031,43,Produktion,WA-21178
2024-10-13,100043,44,Produktion,WA-21179
2024-10-14,100064,52,Versand,WA-21180
2024-10-14,100086,42,Versand,WA-21181
2024-10-14,100007,41,Versand,WA-21182
2024-10-14,100076,25,Versand,WA-21183
2024-10-14,100071,54,Produktion,WA-21184
2024-10-14,100086,49,Produktion,WA-21185
2024-10-14,100042,65,Versand,WA-21186
2024-10-14,100000,45,Versand,WA-21187
2024-10-15,100050,50,Versand,WA-21188
2024-10-15,100023,36,Versand,WA-21189
2024-10-15,100098,42,Produktion,WA-21190
2024-10-15,100023,63,Retourenaufbereitung,WA-21191
2024-10-15,100016,52,Versand,WA-21192
2024-10-15,100004,69,Produktion,WA-21193
2024-10-15,100019,64,Reparatur,WA-21194
2024-10-15,100020,60,Reparatur,WA-21195
2024-10-16,100057,35,Versand,WA-21196
2024-10-16,100030,18,Retourenaufbereitung,WA-21197
2024-10-17,100099,50,Versand,WA-21198
2024-10-17,100010,12,Versand,WA-21199
2024-10-17,100051,40,Versand,WA-21200
2024-10-17,100014,21,Versand,WA-21201
2024-10-18,100082,38,Versand,WA-21202
2024-10-18,100006,61,Versand,WA-21203
2024-10-18,100027,65,Versand,WA-21204
2024-10-18,100050,48,Reparatur,WA-21205
2024-10-19,100057,5,Reparatur,WA-21206
2024-10-19,100004,67,Versand,WA-21207
2024-10-19,100004,10,Reparatur,WA-21208
2024-10-19,100093,53,Reparatur,WA-21209
2024-10-19,100095,8,Produktion,WA-21210
2024-10-19,100007,41,Versand,WA-21211
2024-10-20,100063,62,Produktion,WA-21212
2024-10-20,100009,30,Retourenaufbereitung,WA-21213
2024-10-20,100037,56,Produktion,WA-21214
2024-10-20,100095,39,Versand,WA-21215
2024-10-20,100091,11,Versand,WA-21216
2024-10-20,100080,58,Produktion,WA-21217
2024-10-21,100094,61,Versand,WA-21218
2024-10-21,100007,4,Versand,WA-21219
2024-10-21,100024,63,Versand,WA-21220
2024-10-22,100072,60,Reparatur,WA-21221
2024-10-22,100065,62,Reparatur,WA-21222
2024-10-22,100078,42,Versand,WA-21223
2024-10-22,100049,38,Retourenaufbereitung,WA-21224
2024-10-22,100066,39,Versand,WA-21225
2024-10-22,100048,20,Produktion,WA-21226
2024-10-23,100035,65,Produktion,WA-21227
2024-10-24,100067,24,Reparatur,WA-21228
2024-10-25,100077,13,Retourenaufbereitung,WA-21229
2024-10-25,100040,60,Versand,WA-21230
2024-10-26,100088,59,Reparatur,WA-21231
2024-10-26,100061,6,Versand,WA-21232
2024-10-27,100009,9,Produktion,WA-21233
2024-10-27,100020,63,Produktion,WA-21234
2024-10-27,100035,56,Produktion,WA-21235
2024-10-27,100011,3,Versand,WA-21236
2024-10-28,100090,57,Reparatur,WA-21237
2024-10-28,100001,5,Versand,WA-21238
2024-10-28,100012,40,Versand,WA-21239
2024-10-28,100052,3,Produktion,WA-21240
2024-10-28,100031,40,Versand,WA-21241
2024-10-29,100094,31,Reparatur,WA-21242
2024-10-29,100015,7,Versand,WA-21243
2024-10-29,100031,23,Versand,WA-21244
2024-10-29,100031,69,Reparatur,WA-21245
2024-10-29,100097,49,Versand,WA-21246
2024-10-29,100010,37,Versand,WA-21247
2024-10-29,100009,3,Produktion,WA-21248
2024-10-29,100014,14,Versand,WA-21249
2024-10-30,100016,62,Produktion,WA-21250
2024-10-30,100039,29,Versand,WA-21251
2024-10-30,100017,58,Reparatur,WA-21252
2024-10-30,100054,25,Reparatur,WA-21253
2024-10-30,100072,27,Produktion,WA-21254
2024-10-31,100024,23,Versand,WA-21255
2024-10-31,100058,63,Reparatur,WA-21256
2024-10-31,100077,65,Produktion,WA-21257
2024-10-31,100088,54,Produktion,WA-21258
2024-10-31,100021,27,Versand,WA-21259
2024-11-01,100029,57,Reparatur,WA-21260
2024-11-01,100083,48,Produktion,WA-21261
2024-11-01,100084,34,Versand,WA-21262
2024-11-02,100043,57,Versand,WA-21263
2024-11-02,100031,7,Reparatur,WA-21264
2024-11-02,100050,38,Versand,WA-21265
2024-11-03,100045,51,Retourenaufbereitung,WA-21266
2024-11-03,100020,60,Produktion,WA-21267
2024-11-03,100098,41,Produktion,WA-21268
2024-11-04,100031,63,Versand,WA-21269
2024-11-04,100093,11,Versand,WA-21270
2024-11-04,100038,8,Retourenaufbereitung,WA-21271
2024-11-04,100011,37,Versand,WA-21272
2024-11-05,100046,41,Produktion,WA-21273
2024-11-05,100017,24,Versand,WA-21274
2024-11-05,100020,43,Versand,WA-21275
2024-11-05,100012,7,Versand,WA-21276
2024-11-06,100020,44,Versand,WA-21277
2024-11-06,100007,69,Retourenaufbereitung,WA-21278
2024-11-06,100045,32,Versand,WA-21279
2024-11-06,100006,59,Versand,WA-21280
2024-11-06,100022,31,Versand,WA-21281
2024-11-06,100095,39,Versand,WA-21282
2024-11-07,100074,15,Versand,WA-21283
2024-11-07,100085,34,Reparatur,WA-21284
2024-11-07,100021,48,Versand,WA-21285
2024-11-07,100088,25,Versand,WA-21286
2024-11-08,100021,47,Versand,WA-21287
2024-11-08,100091,19,Retourenaufbereitung,WA-21288
2024-11-08,100028,68,Versand,WA-21289
2024-11-08,100012,8,Versand,WA-21290
2024-11-08,100081,20,Produktion,WA-21291
2024-11-08,100001,24,Produktion,WA-21292
2024-11-09,100028,35,Versand,WA-21293
2024-11-09,100084,32,Versand,WA-21294
2024-11-09,100078,34,Produktion,WA-21295
2024-11-10,100051,44,Versand,WA-21296
2024-11-10,100026,12,Reparatur,WA-21297
2024-11-10,100049,38,Produktion,WA-21298
2024-11-10,100094,36,Versand,WA-21299
2024-11-11,100078,30,Versand,WA-21300
2024-11-11,100022,13,Versand,WA-21301
2024-11-11,100087,41,Produktion,WA-21302
2024-11-11,100043,49,Versand,WA-21303
2024-11-11,100076,21,Versand,WA-21304
2024-11-12,100021,17,Produktion,WA-21305
2024-11-12,100042,30,Retourenaufbereitung,WA-21306
2024-11-12,100036,26,Versand,WA-21307
2024-11-12,100060,11,Retourenaufbereitung,WA-21308
2024-11-13,100096,49,Versand,WA-21309
2024-11-13,100055,35,Versand,WA-21310
2024-11-13,100002,64,Versand,WA-21311
2024-11-13,100062,21,Versand,WA-21312
2024-11-13,100018,69,Versand,WA-21313
2024-11-13,100022,42,Versand,WA-21314
2024-11-13,100028,49,Retourenaufbereitung,WA-21315
2024-11-14,100029,67,Reparatur,WA-21316
2024-11-14,100038,31,Produktion,WA-21317
2024-11-14,100024,52,Versand,WA-21318
2024-11-14,100007,15,Versand,WA-21319
2024-11-14,100057,3,Versand,WA-21320
2024-11-15,100015,36,Produktion,WA-21321
2024-11-15,100071,50,Retourenaufbereitung,WA-21322
2024-11-15,100000,50,Versand,WA-21323
2024-11-15,100004,51,Versand,WA-21324
2024-11-15,100002,66,Versand,WA-21325
2024-11-16,100064,63,Versand,WA-21326
2024-11-16,100003,31,Versand,WA-21327
2024-11-16,100098,41,Produktion,WA-21328
2024-11-16,100095,28,Produktion,WA-21329
2024-11-17,100063,19,Versand,WA-21330
2024-11-17,100097,15,Versand,WA-21331
2024-11-17,100088,28,Retourenaufbereitung,WA-21332
2024-11-18,100009,51,Versand,WA-21333
2024-11-18,100020,69,Versand,WA-21334
2024-11-18,100045,9,Versand,WA-21335
2024-11-18,100090,60,Versand,WA-21336
2024-11-19,100026,51,Versand,WA-21337
2024-11-19,100065,55,Reparatur,WA-21338
2024-11-19,100040,67,Versand,WA-21339
2024-11-19,100012,64,Versand,WA-21340
2024-11-20,100008,19,Produktion,WA-21341
2024-11-20,100035,45,Versand,WA-21342
2024-11-20,100085,27,Reparatur,WA-21343
2024-11-21,100089,5,Reparatur,WA-21344
2024-11-21,100057,31,Versand,WA-21345
2024-11-21,100053,34,Produktion,WA-21346
2024-11-21,100011,28,Versand,WA-21347
2024-11-21,100080,18,Retourenaufbereitung,WA-21348
2024-11-22,100077,27,Versand,WA-21349
2024-11-22,100013,56,Retourenaufbereitung,WA-21350
2024-11-22,100033,30,Produktion,WA-21351
2024-11-22,100052,58,Versand,WA-21352
2024-11-23,100019,67,Versand,WA-21353
2024-11-23,100074,43,Retourenaufbereitung,WA-21354
2024-11-23,100015,53,Reparatur,WA-21355
2024-11-23,100094,31,Versand,WA-21356
2024-11-23,100069,21,Produktion,WA-21357
2024-11-23,100055,68,Versand,WA-21358
2024-11-24,100082,43,Versand,WA-21359
2024-11-24,100057,47,Versand,WA-21360
2024-11-25,100003,17,Versand,WA-21361
2024-11-25,100003,5,Reparatur,WA-21362
2024-11-25,100019,13,Versand,WA-21363
2024-11-25,100009,55,Reparatur,WA-21364
2024-11-25,100023,48,Versand,WA-21365
2024-11-25,100098,32,Versand,WA-21366
2024-11-25,100025,59,Versand,WA-21367
2024-11-26,100036,20,Versand,WA-21368
2024-11-26,100084,53,Versand,WA-21369
2024-11-26,100053,50,Versand,WA-21370
2024-11-26,100020,68,Produktion,WA-21371
2024-11-27,100073,10,Versand,WA-21372
2024-11-28,100037,24,Versand,WA-21373
2024-11-29,100045,8,Versand,WA-21374
2024-11-30,100003,59,Reparatur,WA-21375
2024-11-30,100059,38,Retourenaufbereitung,WA-21376
2024-11-30,100056,59,Versand,WA-21377
2024-11-30,100044,51,Versand,WA-21378
2024-11-30,100019,47,Versand,WA-21379
2024-12-01,100016,68,Retourenaufbereitung,WA-21380
2024-12-01,100070,47,Versand,WA-21381
2024-12-02,100003,22,Versand,WA-21382
2024-12-02,100092,66,Versand,WA-21383
2024-12-02,100013,69,Versand,WA-21384
2024-12-02,100002,5,Versand,WA-21385
2024-12-03,100087,56,Produktion,WA-21386
2024-12-03,100079,66,Versand,WA-21387
2024-12-03,100057,42,Produktion,WA-21388
2024-12-03,100054,61,Versand,WA-21389
2024-12-04,100003,57,Versand,WA-21390
2024-12-04,100023,64,Retourenaufbereitung,WA-21391
2024-12-04,100033,6,Versand,WA-21392
2024-12-04,100029,62,Reparatur,WA-21393
2024-12-05,100081,32,Versand,WA-21394
2024-12-05,100018,4,Versand,WA-21395
2024-12-05,100030,64,Retourenaufbereitung,WA-21396
2024-12-05,100059,51,Versand,WA-21397
2024-12-05,100059,11,Reparatur,WA-21398
2024-12-06,100018,33,Versand,WA-21399
2024-12-06,100048,63,Reparatur,WA-21400
2024-12-06,100062,50,Versand,WA-21401
2024-12-06,100082,27,Versand,WA-21402
2024-12-07,100021,38,Produktion,WA-21403
2024-12-07,100023,10,Retourenaufbereitung,WA-21404
2024-12-07,100075,60,Retourenaufbereitung,WA-21405
2024-12-07,100029,47,Reparatur,WA-21406
2024-12-07,100057,64,Reparatur,WA-21407
2024-12-07,100030,41,Versand,WA-21408
2024-12-07,100099,60,Versand,WA-21409
2024-12-07,100063,66,Versand,WA-21410
2024-12-07,100018,46,Versand,WA-21411
2024-12-08,100047,31,Versand,WA-21412
2024-12-09,100044,61,Versand,WA-21413
2024-12-09,100099,11,Versand,WA-21414
2024-12-09,100093,8,Produktion,WA-21415
2024-12-10,100054,31,Versand,WA-21416
2024-12-10,100054,60,Versand,WA-21417
2024-12-11,100096,19,Versand,WA-21418
2024-12-11,100017,18,Produktion,WA-21419
2024-12-11,100062,5,Produktion,WA-21420
2024-12-11,100091,23,Produktion,WA-21421
2024-12-11,100046,66,Versand,WA-21422
2024-12-11,100074,38,Versand,WA-21423
2024-12-11,100056,64,Versand,WA-21424
2024-12-11,100044,44,Versand,WA-21425
2024-12-11,100032,44,Versand,WA-21426
2024-12-12,100016,63,Versand,WA-21427
2024-12-12,100069,15,Versand,WA-21428
2024-12-13,100003,13,Retourenaufbereitung,WA-21429
2024-12-13,100019,56,Retourenaufbereitung,WA-21430
2024-12-13,100046,18,Versand,WA-21431
2024-12-13,100090,10,Versand,WA-21432
2024-12-14,100014,61,Versand,WA-21433
2024-12-14,100069,59,Versand,WA-21434
2024-12-14,100046,42,Retourenaufbereitung,WA-21435
2024-12-14,100077,61,Versand,WA-21436
2024-12-14,100074,4,Produktion,WA-21437
2024-12-14,100008,12,Versand,WA-21438
2024-12-14,100089,46,Retourenaufbereitung,WA-21439
2024-12-14,100015,13,Versand,WA-21440
2024-12-15,100068,4,Produktion,WA-21441
2024-12-15,100060,52,Versand,WA-21442
2024-12-15,100009,14,Produktion,WA-21443
2024-12-15,100049,25,Versand,WA-21444
2024-12-16,100002,20,Versand,WA-21445
2024-12-16,100076,64,Retourenaufbereitung,WA-21446
2024-12-17,100093,64,Retourenaufbereitung,WA-21447
2024-12-17,100069,40,Reparatur,WA-21448
2024-12-17,100080,69,Produktion,WA-21449
2024-12-18,100050,40,Reparatur,WA-21450
2024-12-18,100018,69,Versand,WA-21451
2024-12-19,100041,63,Versand,WA-21452
2024-12-19,100034,3,Versand,WA-21453
2024-12-20,100045,47,Produktion,WA-21454
2024-12-20,100025,30,Versand,WA-21455
2024-12-20,100068,23,Versand,WA-21456
2024-12-20,100092,15,Produktion,WA-21457
2024-12-20,100063,29,Reparatur,WA-21458
2024-12-21,100036,9,Versand,WA-21459
2024-12-21,100083,24,Versand,WA-21460
2024-12-21,100048,55,Versand,WA-21461
2024-12-22,100020,6,Versand,WA-21462
2024-12-22,100073,25,Versand,WA-21463
2024-12-22,100063,35,Produktion,WA-21464
2024-12-23,100004,30,Produktion,WA-21465
2024-12-23,100099,10,Produktion,WA-21466
2024-12-24,100069,3,Versand,WA-21467
2024-12-24,100089,39,Reparatur,WA-21468
2024-12-24,100003,65,Versand,WA-21469
2024-12-24,100038,24,Versand,WA-21470
2024-12-25,100034,23,Reparatur,WA-21471
2024-12-25,100000,37,Versand,WA-21472
2024-12-25,100023,7,Versand,WA-21473
2024-12-25,100056,62,Reparatur,WA-21474
2024-12-25,100099,48,Versand,WA-21475
2024-12-25,100069,52,Produktion,WA-21476
2024-12-25,100040,50,Versand,WA-21477
2024-12-25,100053,8,Produktion,WA-21478
2024-12-26,100045,58,Versand,WA-21479
2024-12-26,100059,61,Versand,WA-21480
2024-12-26,100059,31,Produktion,WA-21481
2024-12-26,100056,20,Versand,WA-21482
2024-12-27,100030,4,Versand,WA-21483
2024-12-28,100083,10,Versand,WA-21484
2024-12-28,100023,56,Versand,WA-21485
2024-12-28,100088,40,Versand,WA-21486
2024-12-29,100035,50,Versand,WA-21487
2024-12-29,100084,29,Retourenaufbereitung,WA-21488
2024-12-29,100029,22,Versand,WA-21489
2024-12-29,100023,14,Versand,WA-21490
2024-12-29,100029,45,Versand,WA-21491
2024-12-30,100085,63,Versand,WA-21492
2024-12-30,100091,33,Retourenaufbereitung,WA-21493
2024-12-30,100006,63,Versand,WA-21494
2024-12-30,100034,69,Retourenaufbereitung,WA-21495
2024-12-30,100054,37,Versand,WA-21496
2024-12-30,100091,17,Produktion,WA-21497
2024-12-30,100013,18,Versand,WA-21498
2024-12-30,100009,15,Reparatur,WA-21499
2024-12-30,100079,37,Produktion,WA-21500
